市区町村,地区名,lat,lon,位置精度,種類,時期,取引時期,面積m2,坪単価万円,m2単価円,総額円,地域,用途地域,建蔽率,容積率,最寄駅,駅距離,前面道路幅員m,土地形状,今後の利用目的
浜松市中央区,三方原町,34.781647,137.711975,exact,宅地(土地),2026Q1,2026年第1四半期,250.0,9.7,29000,7300000,住宅地,調整区域,60.0,200.0,浜松,2H～,7.3,ほぼ長方形,
浜松市中央区,三方原町,34.781647,137.711975,exact,宅地(土地),2026Q1,2026年第1四半期,380.0,19.0,59000,23000000,住宅地,調整区域,60.0,200.0,浜松,1H30～2H,5.4,ほぼ台形,住宅
浜松市中央区,三方原町,34.781647,137.711975,exact,宅地(土地),2026Q1,2026年第1四半期,250.0,24.0,72000,18000000,住宅地,調整区域,60.0,200.0,浜松,2H～,11.1,長方形,住宅
浜松市中央区,三方原町,34.781647,137.711975,exact,宅地(土地),2026Q1,2026年第1四半期,380.0,7.5,23000,8700000,住宅地,調整区域,60.0,200.0,浜松,2H～,7.3,袋地等,住宅
浜松市中央区,三方原町,34.781647,137.711975,exact,宅地(土地),2026Q1,2026年第1四半期,280.0,15.0,44000,12000000,住宅地,調整区域,60.0,200.0,浜松,2H～,5.8,長方形,住宅
浜松市中央区,三方原町,34.781647,137.711975,exact,宅地(土地),2026Q1,2026年第1四半期,70.0,50.0,150000,11000000,住宅地,調整区域,60.0,200.0,浜松,1H30～2H,4.5,長方形,その他
浜松市中央区,中島,34.705391,137.746933,exact,宅地(土地),2026Q1,2026年第1四半期,105.0,27.0,81000,8500000,住宅地,近隣商業,80.0,200.0,浜松,16,8.0,ほぼ長方形,住宅
浜松市中央区,中沢町,34.721622,137.728867,exact,宅地(土地),2026Q1,2026年第1四半期,360.0,17.0,51000,18000000,住宅地,近隣商業,80.0,300.0,浜松,28,3.8,不整形,住宅
浜松市中央区,中郡町,34.773895,137.77951,exact,宅地(土地),2026Q1,2026年第1四半期,320.0,10.0,31000,10000000,宅地見込地,調整区域,60.0,200.0,浜松,2H～,3.6,ほぼ長方形,住宅
浜松市中央区,佐鳴台,34.703594,137.700989,exact,宅地(土地),2026Q1,2026年第1四半期,440.0,41.0,120000,55000000,商業地,１種住居,60.0,200.0,浜松,30分～60分,20.0,長方形,その他
浜松市中央区,佐鳴台,34.703594,137.700989,exact,宅地(土地),2026Q1,2026年第1四半期,155.0,48.0,140000,22000000,住宅地,１種住居,60.0,200.0,浜松,30分～60分,6.0,長方形,住宅
浜松市中央区,初生町,34.764103,137.727509,exact,宅地(土地),2026Q1,2026年第1四半期,300.0,21.0,64000,19000000,住宅地,調整区域,60.0,200.0,浜松,1H30～2H,8.0,袋地等,住宅
浜松市中央区,初生町,34.764103,137.727509,exact,宅地(土地),2026Q1,2026年第1四半期,1000.0,37.0,110000,110000000,商業地,２種住居,60.0,200.0,浜松,1H30～2H,19.5,不整形,事務所
浜松市中央区,北島町,34.730206,137.781448,exact,宅地(土地),2026Q1,2026年第1四半期,610.0,16.0,49000,30000000,住宅地,１種住居,60.0,200.0,浜松,1H～1H30,4.3,袋地等,
浜松市中央区,半田山,34.768318,137.743042,exact,宅地(土地),2026Q1,2026年第1四半期,150.0,27.0,83000,12000000,住宅地,２中住専,60.0,200.0,浜松,1H30～2H,6.0,ほぼ正方形,
浜松市中央区,半田山,34.768318,137.743042,exact,宅地(土地),2026Q1,2026年第1四半期,460.0,40.0,120000,55000000,住宅地,１中住専,60.0,200.0,浜松,1H30～2H,6.0,長方形,その他
浜松市中央区,半田町,34.771557,137.750366,exact,宅地(土地),2026Q1,2026年第1四半期,480.0,4.3,13000,6300000,住宅地,調整区域,60.0,200.0,浜松,1H30～2H,8.0,台形,店舗
浜松市中央区,四本松町,34.684258,137.7677,exact,宅地(土地),2026Q1,2026年第1四半期,230.0,21.0,64000,15000000,住宅地,調整区域,60.0,200.0,浜松,30分～60分,6.5,ほぼ長方形,住宅
浜松市中央区,大原町,34.799492,137.737503,exact,宅地(土地),2026Q1,2026年第1四半期,1500.0,3.0,9100,14000000,住宅地,調整区域,60.0,200.0,浜松,2H～,6.6,長方形,
浜松市中央区,子安町,34.713894,137.763031,exact,宅地(土地),2026Q1,2026年第1四半期,620.0,36.0,110000,67000000,商業地,近隣商業,80.0,200.0,浜松,30分～60分,20.0,ほぼ台形,その他
浜松市中央区,富塚町,34.726589,137.700714,exact,宅地(土地),2026Q1,2026年第1四半期,1100.0,30.0,91000,99000000,商業地,１低住専,50.0,80.0,浜松,30分～60分,16.0,ほぼ正方形,住宅
浜松市中央区,寺島町,34.698948,137.738113,exact,宅地(土地),2026Q1,2026年第1四半期,50.0,19.0,57000,3000000,住宅地,近隣商業,80.0,300.0,浜松,9,8.0,ほぼ整形,その他
浜松市中央区,小池町,34.747826,137.758209,exact,宅地(土地),2026Q1,2026年第1四半期,100.0,18.0,56000,5600000,住宅地,工業,60.0,200.0,浜松,1H～1H30,2.8,台形,住宅
浜松市中央区,小池町,34.747826,137.758209,exact,宅地(土地),2026Q1,2026年第1四半期,170.0,33.0,99000,17000000,住宅地,１種住居,60.0,200.0,浜松,1H30～2H,4.3,長方形,
浜松市中央区,小豆餅,34.753941,137.724457,exact,宅地(土地),2026Q1,2026年第1四半期,185.0,23.0,70000,13000000,住宅地,１種住居,60.0,200.0,浜松,1H～1H30,4.0,ほぼ長方形,住宅
浜松市中央区,布橋,34.719868,137.720322,exact,宅地(土地),2026Q1,2026年第1四半期,70.0,35.0,110000,7300000,商業地,近隣商業,80.0,200.0,浜松,30分～60分,11.0,長方形,その他
浜松市中央区,布橋,34.719868,137.720322,exact,宅地(土地),2026Q1,2026年第1四半期,30.0,21.0,64000,2000000,住宅地,２中住専,60.0,200.0,浜松,29,10.4,台形,その他
浜松市中央区,布橋,34.719868,137.720322,exact,宅地(土地),2026Q1,2026年第1四半期,270.0,56.0,170000,46000000,住宅地,１種住居,60.0,200.0,浜松,30分～60分,6.5,長方形,その他
浜松市中央区,早出町,34.733162,137.749298,exact,宅地(土地),2026Q1,2026年第1四半期,230.0,25.0,76000,18000000,住宅地,１種住居,60.0,200.0,浜松,30分～60分,6.0,ほぼ台形,
浜松市中央区,曳馬,34.72805,137.738464,exact,宅地(土地),2026Q1,2026年第1四半期,290.0,40.0,120000,35000000,住宅地,１種住居,60.0,200.0,浜松,30分～60分,8.5,ほぼ長方形,事務所
浜松市中央区,有玉北町,34.767532,137.753937,exact,宅地(土地),2026Q1,2026年第1四半期,200.0,30.0,91000,19000000,住宅地,調整区域,60.0,200.0,浜松,1H30～2H,4.2,ほぼ台形,住宅
浜松市中央区,有玉北町,34.767532,137.753937,exact,宅地(土地),2026Q1,2026年第1四半期,460.0,7.0,21000,9700000,住宅地,調整区域,60.0,200.0,浜松,1H～1H30,8.3,ほぼ台形,
浜松市中央区,有玉台,34.760178,137.73912,exact,宅地(土地),2026Q1,2026年第1四半期,260.0,31.0,94000,25000000,住宅地,１中住専,60.0,200.0,浜松,1H30～2H,7.2,長方形,住宅
浜松市中央区,有玉西町,34.755665,137.738083,exact,宅地(土地),2026Q1,2026年第1四半期,165.0,30.0,90000,15000000,商業地,１種住居,60.0,200.0,浜松,1H～1H30,12.6,ほぼ台形,住宅
浜松市中央区,東三方町,34.77961,137.73024,exact,宅地(土地),2026Q1,2026年第1四半期,,15.0,44000,240000000,工業地,調整区域,60.0,200.0,浜松,1H30～2H,7.4,長方形,工場
浜松市中央区,根洗町,34.79678,137.704224,exact,宅地(土地),2026Q1,2026年第1四半期,860.0,11.0,32000,28000000,宅地見込地,調整区域,60.0,200.0,浜松,2H～,10.0,長方形,その他
浜松市中央区,楊子町,34.693932,137.746124,exact,宅地(土地),2026Q1,2026年第1四半期,170.0,26.0,78000,13000000,住宅地,１種住居,60.0,200.0,浜松,28,7.3,長方形,事務所
浜松市中央区,海老塚,34.699268,137.729996,exact,宅地(土地),2026Q1,2026年第1四半期,500.0,47.0,140000,70000000,商業地,商業,80.0,500.0,浜松,8,6.0,不整形,住宅
浜松市中央区,田町,34.708363,137.730972,exact,宅地(土地),2026Q1,2026年第1四半期,85.0,55.0,170000,14000000,商業地,商業,80.0,600.0,浜松,11,6.0,ほぼ台形,その他
浜松市中央区,白羽町,34.672405,137.73172,exact,宅地(土地),2026Q1,2026年第1四半期,55.0,6.1,19000,1000000,住宅地,２中住専,60.0,200.0,浜松,1H～1H30,8.7,ほぼ長方形,倉庫
浜松市中央区,神ケ谷町,34.723148,137.678253,exact,宅地(土地),2026Q1,2026年第1四半期,330.0,4.1,12000,4000000,住宅地,調整区域,60.0,200.0,浜松,1H30～2H,10.5,不整形,
浜松市中央区,神田町,34.686474,137.721649,exact,宅地(土地),2026Q1,2026年第1四半期,180.0,29.0,87000,16000000,住宅地,１種住居,60.0,200.0,浜松,29,6.9,長方形,事務所
浜松市中央区,神田町,34.686474,137.721649,exact,宅地(土地),2026Q1,2026年第1四半期,720.0,28.0,86000,62000000,住宅地,１種住居,60.0,200.0,浜松,29,11.1,長方形,事務所
浜松市中央区,神田町,34.686474,137.721649,exact,宅地(土地),2026Q1,2026年第1四半期,195.0,34.0,100000,20000000,住宅地,１種住居,60.0,200.0,浜松,28,4.0,ほぼ長方形,住宅
浜松市中央区,笠井上町,34.779129,137.801086,exact,宅地(土地),2026Q1,2026年第1四半期,360.0,7.5,23000,8300000,住宅地,調整区域,60.0,200.0,浜松,2H～,6.5,ほぼ台形,住宅
浜松市中央区,篠ケ瀬町,34.727535,137.775284,exact,宅地(土地),2026Q1,2026年第1四半期,700.0,24.0,71000,50000000,住宅地,１種住居,60.0,200.0,浜松,1H～1H30,6.9,長方形,
浜松市中央区,篠ケ瀬町,34.727535,137.775284,exact,宅地(土地),2026Q1,2026年第1四半期,370.0,35.0,110000,39000000,商業地,１種住居,60.0,200.0,浜松,1H～1H30,9.3,長方形,その他
浜松市中央区,舘山寺町,34.760361,137.620331,exact,宅地(土地),2026Q1,2026年第1四半期,270.0,12.0,37000,10000000,住宅地,１種住居,60.0,200.0,浜松,2H～,4.0,ほぼ長方形,住宅
浜松市中央区,舞阪町舞阪,34.687244,137.615387,exact,宅地(土地),2026Q1,2026年第1四半期,115.0,11.0,33000,3700000,商業地,近隣商業,80.0,200.0,浜松,2H～,8.3,ほぼ長方形,その他
浜松市中央区,若林町,34.691269,137.702515,exact,宅地(土地),2026Q1,2026年第1四半期,65.0,6.0,18000,1200000,住宅地,１種住居,60.0,200.0,浜松,30分～60分,,ほぼ長方形,住宅
浜松市中央区,萩丘,34.749565,137.725739,exact,宅地(土地),2026Q1,2026年第1四半期,210.0,30.0,91000,19000000,住宅地,２中住専,60.0,200.0,浜松,1H～1H30,6.0,ほぼ整形,住宅
浜松市中央区,葵西,34.765339,137.714066,exact,宅地(土地),2026Q1,2026年第1四半期,220.0,29.0,87000,19000000,住宅地,１種住居,60.0,200.0,浜松,2H～,6.0,ほぼ長方形,住宅
浜松市中央区,薬新町,34.724014,137.787216,exact,宅地(土地),2026Q1,2026年第1四半期,115.0,25.0,76000,8700000,住宅地,１種住居,60.0,200.0,浜松,1H～1H30,4.0,ほぼ台形,その他
浜松市中央区,蜆塚,34.712185,137.71283,exact,宅地(土地),2026Q1,2026年第1四半期,300.0,24.0,73000,22000000,住宅地,１中住専,60.0,200.0,浜松,30分～60分,5.0,不整形,住宅
浜松市中央区,西ケ崎町,34.77565,137.765549,exact,宅地(土地),2026Q1,2026年第1四半期,280.0,20.0,59000,17000000,住宅地,調整区域,60.0,200.0,浜松,1H30～2H,2.5,不整形,住宅
浜松市中央区,西浅田,34.694256,137.722672,exact,宅地(土地),2026Q1,2026年第1四半期,120.0,33.0,100000,12000000,住宅地,工業,60.0,200.0,浜松,26,6.7,ほぼ長方形,その他
浜松市中央区,貴平町,34.75481,137.7948,exact,宅地(土地),2026Q1,2026年第1四半期,,21.0,63000,160000000,商業地,調整区域,60.0,200.0,浜松,1H30～2H,25.0,台形,事務所
浜松市中央区,雄踏町宇布見,34.702011,137.630325,exact,宅地(土地),2026Q1,2026年第1四半期,180.0,23.0,68000,12000000,住宅地,２中住専,60.0,200.0,浜松,2H～,6.3,ほぼ長方形,倉庫
浜松市中央区,青屋町,34.71611,137.781326,exact,宅地(土地),2026Q1,2026年第1四半期,230.0,25.0,75000,17000000,住宅地,調整区域,60.0,200.0,浜松,1H～1H30,2.0,ほぼ整形,住宅
浜松市中央区,高丘西,34.756447,137.702484,exact,宅地(土地),2026Q1,2026年第1四半期,60.0,8.3,25000,1500000,工業地,準住居,60.0,200.0,浜松,1H30～2H,18.0,不整形,住宅
浜松市中央区,高塚町,34.690266,137.681183,exact,宅地(土地),2026Q1,2026年第1四半期,200.0,29.0,87000,18000000,住宅地,１種住居,60.0,200.0,浜松,1H～1H30,6.0,ほぼ正方形,住宅
浜松市中央区,鶴見町,34.710228,137.793259,exact,宅地(土地),2026Q1,2026年第1四半期,450.0,4.8,15000,6500000,住宅地,調整区域,60.0,200.0,浜松,1H～1H30,5.0,長方形,
浜松市中央区,龍光町,34.717258,137.785309,exact,宅地(土地),2026Q1,2026年第1四半期,,16.0,47000,800000000,工業地,調整区域,60.0,200.0,浜松,1H～1H30,7.0,ほぼ整形,倉庫
浜松市天竜区,船明,34.890594,137.819458,exact,宅地(土地),2026Q1,2026年第1四半期,65.0,2.1,6400,410000,工業地,工業,60.0,200.0,天竜二俣,30分～60分,,長方形,その他
浜松市天竜区,船明,34.890594,137.819458,exact,宅地(土地),2026Q1,2026年第1四半期,310.0,4.7,14000,4300000,住宅地,１種住居,60.0,150.0,二俣本町,30分～60分,9.0,ほぼ台形,住宅
浜松市天竜区,船明,34.890594,137.819458,exact,宅地(土地),2026Q1,2026年第1四半期,230.0,6.0,18000,4100000,住宅地,１低住専,50.0,100.0,二俣本町,30分～60分,6.0,ほぼ台形,住宅
浜松市浜名区,三ヶ日町三ヶ日,34.80666,137.548767,exact,宅地(土地),2026Q1,2026年第1四半期,145.0,15.0,45000,6500000,住宅地,１種住居,60.0,200.0,三ケ日,11,6.0,ほぼ長方形,住宅
浜松市浜名区,三ヶ日町福長,34.83477,137.547623,exact,宅地(土地),2026Q1,2026年第1四半期,960.0,1.7,5200,5000000,住宅地,調整区域,60.0,200.0,三ケ日,30分～60分,7.6,長方形,住宅
浜松市浜名区,三ヶ日町鵺代,34.798065,137.542694,exact,宅地(土地),2026Q1,2026年第1四半期,620.0,0.79,2400,1500000,宅地見込地,調整区域,60.0,200.0,三ケ日,18,7.5,台形,
浜松市浜名区,小松,34.788467,137.772018,exact,宅地(土地),2026Q1,2026年第1四半期,165.0,23.0,69000,11000000,住宅地,調整区域,60.0,200.0,遠州小松,10,4.0,ほぼ長方形,住宅
浜松市浜名区,平口,34.799557,137.761536,exact,宅地(土地),2026Q1,2026年第1四半期,330.0,6.0,18000,6000000,住宅地,調整区域,60.0,200.0,遠州小松,25,6.4,不整形,住宅
浜松市浜名区,引佐町井伊谷,34.83419,137.675262,exact,宅地(土地),2026Q1,2026年第1四半期,430.0,9.8,30000,13000000,住宅地,１種住居,60.0,200.0,金指,30分～60分,8.0,ほぼ長方形,住宅
浜松市浜名区,引佐町奥山,34.841816,137.616821,exact,宅地(土地),2026Q1,2026年第1四半期,180.0,0.36,1100,200000,住宅地,都計外,,,気賀,1H30～2H,4.0,不整形,
浜松市浜名区,引佐町奥山,34.841816,137.616821,exact,宅地(土地),2026Q1,2026年第1四半期,195.0,0.5,1500,300000,住宅地,都計外,,,気賀,1H～1H30,5.5,ほぼ正方形,
浜松市浜名区,新原,34.81485,137.78273,exact,宅地(土地),2026Q1,2026年第1四半期,970.0,5.0,15000,15000000,住宅地,調整区域,60.0,200.0,遠州芝本,11,22.0,ほぼ正方形,
浜松市浜名区,新都田,34.821564,137.731094,exact,宅地(土地),2026Q1,2026年第1四半期,350.0,20.0,60000,21000000,住宅地,近隣商業,80.0,200.0,浜松,2H～,30.0,長方形,住宅
浜松市浜名区,於呂,34.836628,137.798691,exact,宅地(土地),2026Q1,2026年第1四半期,760.0,9.0,27000,21000000,住宅地,調整区域,60.0,200.0,遠州岩水寺,11,10.0,不整形,住宅
浜松市浜名区,於呂,34.836628,137.798691,exact,宅地(土地),2026Q1,2026年第1四半期,270.0,17.0,53000,14000000,住宅地,調整区域,60.0,200.0,遠州岩水寺,4,5.0,ほぼ正方形,住宅
浜松市浜名区,本沢合,34.81216,137.799057,exact,宅地(土地),2026Q1,2026年第1四半期,75.0,12.0,37000,2700000,住宅地,１低住専,40.0,60.0,遠州小林,4,5.0,長方形,その他
浜松市浜名区,染地台,34.784172,137.744492,exact,宅地(土地),2026Q1,2026年第1四半期,1100.0,31.0,94000,110000000,住宅地,２低住専,50.0,100.0,遠州小松,30分～60分,16.0,長方形,住宅
浜松市浜名区,横須賀,34.788834,137.787369,exact,宅地(土地),2026Q1,2026年第1四半期,165.0,29.0,89000,15000000,住宅地,１種住居,60.0,200.0,浜北,8,8.0,ほぼ長方形,住宅
浜松市浜名区,細江町中川,34.806942,137.678391,exact,宅地(土地),2026Q1,2026年第1四半期,920.0,10.0,32000,29000000,商業地,２種住居,60.0,200.0,金指,19,18.4,不整形,店舗
浜松市浜名区,西美薗,34.80135,137.795883,exact,宅地(土地),2026Q1,2026年第1四半期,210.0,29.0,88000,18000000,住宅地,１低住専,60.0,200.0,美薗中央公園,11,7.0,ほぼ長方形,住宅
浜松市浜名区,都田町,34.822887,137.726944,exact,宅地(土地),2026Q1,2026年第1四半期,220.0,13.0,39000,8700000,住宅地,調整区域,60.0,200.0,浜松,2H～,4.0,袋地等,住宅
浜松市中央区,三島町,34.688896,137.745956,exact,宅地(土地),2025Q4,2025年第4四半期,260.0,16.0,48000,12000000,住宅地,工業,60.0,200.0,浜松,30分～60分,5.0,袋地等,住宅
浜松市中央区,三方原町,34.781647,137.711975,exact,宅地(土地),2025Q4,2025年第4四半期,360.0,19.0,56000,20000000,住宅地,調整区域,60.0,200.0,浜松,2H～,7.2,袋地等,住宅
浜松市中央区,三方原町,34.781647,137.711975,exact,宅地(土地),2025Q4,2025年第4四半期,240.0,32.0,97000,23000000,住宅地,調整区域,60.0,200.0,浜松,1H30～2H,5.4,長方形,住宅
浜松市中央区,上島,34.737988,137.740402,exact,宅地(土地),2025Q4,2025年第4四半期,400.0,34.0,100000,41000000,住宅地,１種住居,60.0,200.0,浜松,1H～1H30,5.1,ほぼ整形,住宅
浜松市中央区,上島,34.737988,137.740402,exact,宅地(土地),2025Q4,2025年第4四半期,580.0,28.0,83000,48000000,住宅地,１種住居,60.0,200.0,浜松,30分～60分,8.0,不整形,住宅
浜松市中央区,上島,34.737988,137.740402,exact,宅地(土地),2025Q4,2025年第4四半期,220.0,31.0,95000,21000000,住宅地,１種住居,60.0,200.0,浜松,1H～1H30,6.0,長方形,住宅
浜松市中央区,上西町,34.723351,137.758957,exact,宅地(土地),2025Q4,2025年第4四半期,160.0,18.0,56000,9000000,住宅地,工業,60.0,200.0,浜松,30分～60分,4.5,長方形,その他
浜松市中央区,上西町,34.723351,137.758957,exact,宅地(土地),2025Q4,2025年第4四半期,175.0,35.0,110000,19000000,商業地,工業,60.0,200.0,浜松,30分～60分,24.2,不整形,店舗
浜松市中央区,中央,34.711075,137.73584,exact,宅地(土地),2025Q4,2025年第4四半期,370.0,150.0,470000,170000000,商業地,商業,80.0,400.0,浜松,10,12.0,ほぼ長方形,その他
浜松市中央区,中島,34.705391,137.746933,exact,宅地(土地),2025Q4,2025年第4四半期,85.0,32.0,97000,8000000,住宅地,近隣商業,80.0,200.0,浜松,20,7.3,ほぼ正方形,店舗
浜松市中央区,中島,34.705391,137.746933,exact,宅地(土地),2025Q4,2025年第4四半期,185.0,21.0,65000,12000000,住宅地,１種住居,60.0,200.0,浜松,28,5.5,ほぼ長方形,その他
浜松市中央区,中沢町,34.721622,137.728867,exact,宅地(土地),2025Q4,2025年第4四半期,260.0,36.0,110000,28000000,住宅地,近隣商業,80.0,200.0,浜松,30分～60分,6.4,長方形,住宅
浜松市中央区,中田島町,34.668755,137.741867,exact,宅地(土地),2025Q4,2025年第4四半期,85.0,1.9,5800,500000,住宅地,２中住専,60.0,200.0,浜松,30分～60分,3.6,長方形,その他
浜松市中央区,中郡町,34.773895,137.77951,exact,宅地(土地),2025Q4,2025年第4四半期,280.0,27.0,82000,23000000,住宅地,調整区域,60.0,200.0,浜松,2H～,8.1,不整形,その他
浜松市中央区,中野町,34.730659,137.799072,exact,宅地(土地),2025Q4,2025年第4四半期,410.0,20.0,62000,25000000,住宅地,調整区域,60.0,200.0,浜松,1H～1H30,10.3,長方形,住宅
浜松市中央区,丸塚町,34.727978,137.760132,exact,宅地(土地),2025Q4,2025年第4四半期,230.0,22.0,66000,15000000,住宅地,１種住居,60.0,200.0,浜松,30分～60分,8.8,ほぼ長方形,住宅
浜松市中央区,佐藤,34.712879,137.744385,exact,宅地(土地),2025Q4,2025年第4四半期,720.0,14.0,43000,31000000,商業地,近隣商業,80.0,200.0,浜松,25,7.6,ほぼ長方形,住宅
浜松市中央区,佐鳴台,34.703594,137.700989,exact,宅地(土地),2025Q4,2025年第4四半期,125.0,48.0,140000,18000000,住宅地,１中住専,60.0,200.0,浜松,30分～60分,12.0,ほぼ正方形,住宅
浜松市中央区,佐鳴台,34.703594,137.700989,exact,宅地(土地),2025Q4,2025年第4四半期,430.0,53.0,160000,70000000,住宅地,１中住専,60.0,200.0,浜松,30分～60分,6.0,長方形,住宅
浜松市中央区,佐鳴台,34.703594,137.700989,exact,宅地(土地),2025Q4,2025年第4四半期,210.0,45.0,140000,28000000,住宅地,１中住専,60.0,200.0,浜松,30分～60分,6.0,ほぼ長方形,住宅
浜松市中央区,入野町,34.701485,137.682983,exact,宅地(土地),2025Q4,2025年第4四半期,155.0,26.0,80000,12000000,住宅地,１中住専,60.0,200.0,浜松,1H～1H30,6.0,長方形,その他
浜松市中央区,入野町,34.701485,137.682983,exact,宅地(土地),2025Q4,2025年第4四半期,270.0,37.0,110000,30000000,住宅地,１中住専,60.0,200.0,浜松,1H～1H30,6.0,ほぼ長方形,住宅
浜松市中央区,入野町,34.701485,137.682983,exact,宅地(土地),2025Q4,2025年第4四半期,510.0,36.0,110000,56000000,住宅地,１種住居,60.0,200.0,浜松,1H～1H30,6.0,長方形,その他
浜松市中央区,初生町,34.764103,137.727509,exact,宅地(土地),2025Q4,2025年第4四半期,260.0,8.0,24000,6400000,住宅地,調整区域,60.0,200.0,浜松,1H30～2H,24.5,不整形,
浜松市中央区,助信町,34.722408,137.735687,exact,宅地(土地),2025Q4,2025年第4四半期,95.0,46.0,140000,13000000,住宅地,１種住居,60.0,200.0,浜松,30分～60分,4.7,長方形,その他
浜松市中央区,十軒町,34.730904,137.745529,exact,宅地(土地),2025Q4,2025年第4四半期,140.0,30.0,92000,13000000,住宅地,１種住居,60.0,200.0,浜松,30分～60分,1.5,ほぼ長方形,住宅
浜松市中央区,半田山,34.768318,137.743042,exact,宅地(土地),2025Q4,2025年第4四半期,200.0,25.0,75000,15000000,住宅地,１中住専,60.0,200.0,浜松,1H30～2H,6.0,長方形,住宅
浜松市中央区,向宿,34.707256,137.751694,exact,宅地(土地),2025Q4,2025年第4四半期,190.0,37.0,110000,21000000,住宅地,１種住居,60.0,200.0,浜松,26,5.4,台形,住宅
浜松市中央区,和合北,34.736572,137.72084,exact,宅地(土地),2025Q4,2025年第4四半期,175.0,27.0,81000,14000000,住宅地,１中住専,60.0,200.0,浜松,1H～1H30,6.0,ほぼ長方形,住宅
浜松市中央区,和地山,34.726784,137.721008,exact,宅地(土地),2025Q4,2025年第4四半期,140.0,25.0,76000,11000000,住宅地,２中住専,60.0,200.0,浜松,30分～60分,4.5,長方形,住宅
浜松市中央区,和地山,34.726784,137.721008,exact,宅地(土地),2025Q4,2025年第4四半期,50.0,41.0,120000,6300000,住宅地,近隣商業,80.0,200.0,浜松,30分～60分,18.9,台形,その他
浜松市中央区,和地山,34.726784,137.721008,exact,宅地(土地),2025Q4,2025年第4四半期,35.0,41.0,130000,4500000,住宅地,近隣商業,80.0,200.0,浜松,30分～60分,18.9,ほぼ長方形,その他
浜松市中央区,和地山,34.726784,137.721008,exact,宅地(土地),2025Q4,2025年第4四半期,85.0,40.0,120000,11000000,住宅地,近隣商業,80.0,200.0,浜松,30分～60分,18.9,台形,事務所
浜松市中央区,坪井町,34.684757,137.647446,exact,宅地(土地),2025Q4,2025年第4四半期,1000.0,10.0,32000,32000000,住宅地,１種住居,60.0,200.0,浜松,1H30～2H,4.0,不整形,
浜松市中央区,坪井町,34.684757,137.647446,exact,宅地(土地),2025Q4,2025年第4四半期,300.0,9.9,30000,9000000,住宅地,１種住居,60.0,200.0,浜松,1H30～2H,2.0,ほぼ台形,住宅
浜松市中央区,大瀬町,34.759674,137.768112,exact,宅地(土地),2025Q4,2025年第4四半期,990.0,5.2,16000,16000000,住宅地,調整区域,60.0,200.0,浜松,1H30～2H,4.4,長方形,住宅
浜松市中央区,大蒲町,34.714752,137.767471,exact,宅地(土地),2025Q4,2025年第4四半期,120.0,25.0,77000,9000000,住宅地,工業,60.0,200.0,浜松,30分～60分,6.1,ほぼ長方形,住宅
浜松市中央区,大蒲町,34.714752,137.767471,exact,宅地(土地),2025Q4,2025年第4四半期,270.0,27.0,82000,23000000,住宅地,１種住居,60.0,200.0,浜松,30分～60分,6.0,ほぼ長方形,住宅
浜松市中央区,天王町,34.737686,137.771011,exact,宅地(土地),2025Q4,2025年第4四半期,185.0,34.0,100000,19000000,住宅地,１種住居,60.0,200.0,浜松,1H～1H30,5.5,ほぼ長方形,住宅
浜松市中央区,天龍川町,34.720547,137.778946,exact,宅地(土地),2025Q4,2025年第4四半期,40.0,30.0,90000,3500000,商業地,工業,60.0,200.0,浜松,30分～60分,13.8,台形,その他
浜松市中央区,安新町,34.728718,137.788284,exact,宅地(土地),2025Q4,2025年第4四半期,100.0,1.7,5000,500000,住宅地,１種住居,,,浜松,1H～1H30,1.4,ほぼ長方形,住宅
浜松市中央区,安松町,34.697422,137.770172,exact,宅地(土地),2025Q4,2025年第4四半期,210.0,29.0,88000,19000000,住宅地,２中住専,60.0,200.0,浜松,30分～60分,6.0,長方形,住宅
浜松市中央区,富塚町,34.726589,137.700714,exact,宅地(土地),2025Q4,2025年第4四半期,165.0,37.0,110000,19000000,住宅地,１低住専,50.0,80.0,浜松,30分～60分,6.0,ほぼ長方形,住宅
浜松市中央区,富塚町,34.726589,137.700714,exact,宅地(土地),2025Q4,2025年第4四半期,210.0,31.0,92000,20000000,住宅地,１低住専,50.0,80.0,浜松,1H～1H30,6.0,ほぼ正方形,住宅
浜松市中央区,富塚町,34.726589,137.700714,exact,宅地(土地),2025Q4,2025年第4四半期,200.0,28.0,85000,17000000,住宅地,１低住専,50.0,80.0,浜松,30分～60分,6.0,台形,その他
浜松市中央区,富塚町,34.726589,137.700714,exact,宅地(土地),2025Q4,2025年第4四半期,270.0,25.0,76000,21000000,商業地,１種住居,60.0,200.0,浜松,1H～1H30,14.0,ほぼ整形,住宅
浜松市中央区,富塚町,34.726589,137.700714,exact,宅地(土地),2025Q4,2025年第4四半期,195.0,26.0,78000,15000000,商業地,１種住居,60.0,200.0,浜松,1H～1H30,18.0,長方形,住宅
浜松市中央区,富塚町,34.726589,137.700714,exact,宅地(土地),2025Q4,2025年第4四半期,1300.0,45.0,140000,180000000,住宅地,１中住専,60.0,200.0,浜松,30分～60分,4.0,ほぼ整形,その他
浜松市中央区,寺島町,34.698948,137.738113,exact,宅地(土地),2025Q4,2025年第4四半期,90.0,25.0,75000,6700000,商業地,近隣商業,80.0,300.0,浜松,9,5.9,不整形,その他
浜松市中央区,寺島町,34.698948,137.738113,exact,宅地(土地),2025Q4,2025年第4四半期,75.0,43.0,130000,9400000,商業地,近隣商業,80.0,300.0,浜松,6,8.0,ほぼ長方形,住宅
浜松市中央区,将監町,34.715042,137.755798,exact,宅地(土地),2025Q4,2025年第4四半期,1400.0,55.0,170000,230000000,商業地,２種住居,60.0,200.0,浜松,30分～60分,22.0,不整形,店舗
浜松市中央区,小池町,34.747826,137.758209,exact,宅地(土地),2025Q4,2025年第4四半期,270.0,22.0,68000,18000000,住宅地,調整区域,60.0,200.0,浜松,1H～1H30,5.9,ほぼ長方形,住宅
浜松市中央区,小池町,34.747826,137.758209,exact,宅地(土地),2025Q4,2025年第4四半期,170.0,25.0,76000,13000000,住宅地,１種住居,60.0,200.0,浜松,1H～1H30,4.3,長方形,
浜松市中央区,小池町,34.747826,137.758209,exact,宅地(土地),2025Q4,2025年第4四半期,740.0,25.0,74000,55000000,住宅地,調整区域,60.0,200.0,浜松,1H～1H30,8.0,台形,住宅
浜松市中央区,小沢渡町,34.677761,137.679932,exact,宅地(土地),2025Q4,2025年第4四半期,220.0,18.0,55000,12000000,住宅地,調整区域,60.0,200.0,浜松,1H～1H30,6.0,正方形,住宅
浜松市中央区,小豆餅,34.753941,137.724457,exact,宅地(土地),2025Q4,2025年第4四半期,195.0,27.0,83000,16000000,住宅地,１種住居,60.0,200.0,浜松,1H～1H30,3.7,長方形,住宅
浜松市中央区,山手町,34.708199,137.705322,exact,宅地(土地),2025Q4,2025年第4四半期,270.0,55.0,160000,45000000,住宅地,１中住専,60.0,200.0,浜松,30分～60分,6.0,長方形,住宅
浜松市中央区,布橋,34.719868,137.720322,exact,宅地(土地),2025Q4,2025年第4四半期,80.0,13.0,38000,3000000,住宅地,１種住居,60.0,200.0,浜松,30分～60分,6.3,長方形,その他
浜松市中央区,布橋,34.719868,137.720322,exact,宅地(土地),2025Q4,2025年第4四半期,125.0,44.0,130000,16000000,住宅地,１種住居,60.0,200.0,浜松,30分～60分,4.4,ほぼ正方形,住宅
浜松市中央区,布橋,34.719868,137.720322,exact,宅地(土地),2025Q4,2025年第4四半期,85.0,23.0,71000,6000000,住宅地,１種住居,60.0,200.0,浜松,30分～60分,2.6,ほぼ長方形,その他
浜松市中央区,布橋,34.719868,137.720322,exact,宅地(土地),2025Q4,2025年第4四半期,270.0,47.0,140000,39000000,住宅地,１種住居,60.0,200.0,浜松,30分～60分,6.5,ほぼ長方形,住宅
浜松市中央区,幸,34.739864,137.725037,exact,宅地(土地),2025Q4,2025年第4四半期,145.0,48.0,150000,21000000,住宅地,１中住専,60.0,200.0,浜松,1H～1H30,5.0,ほぼ長方形,住宅
浜松市中央区,幸,34.739864,137.725037,exact,宅地(土地),2025Q4,2025年第4四半期,350.0,28.0,85000,30000000,住宅地,１低住専,40.0,60.0,浜松,1H～1H30,4.0,ほぼ台形,住宅
浜松市中央区,志都呂,34.698349,137.660233,exact,宅地(土地),2025Q4,2025年第4四半期,310.0,25.0,76000,23000000,住宅地,１種住居,60.0,200.0,浜松,1H30～2H,6.0,ほぼ正方形,住宅
浜松市中央区,志都呂,34.698349,137.660233,exact,宅地(土地),2025Q4,2025年第4四半期,145.0,23.0,68000,9900000,住宅地,近隣商業,80.0,200.0,浜松,1H30～2H,6.0,ほぼ長方形,その他
浜松市中央区,志都呂町,34.702263,137.653748,exact,宅地(土地),2025Q4,2025年第4四半期,320.0,30.0,91000,29000000,住宅地,１中住専,60.0,200.0,浜松,1H30～2H,8.0,ほぼ長方形,住宅
浜松市中央区,恒武町,34.76247,137.797989,exact,宅地(土地),2025Q4,2025年第4四半期,500.0,5.5,17000,10000000,住宅地,調整区域,60.0,200.0,浜松,2H～,6.3,長方形,
浜松市中央区,文丘町,34.726376,137.714798,exact,宅地(土地),2025Q4,2025年第4四半期,135.0,46.0,140000,19000000,住宅地,１中住専,60.0,200.0,浜松,30分～60分,5.0,長方形,住宅
浜松市中央区,文丘町,34.726376,137.714798,exact,宅地(土地),2025Q4,2025年第4四半期,165.0,40.0,120000,20000000,住宅地,１中住専,60.0,200.0,浜松,30分～60分,6.0,ほぼ長方形,住宅
浜松市中央区,早出町,34.733162,137.749298,exact,宅地(土地),2025Q4,2025年第4四半期,175.0,35.0,110000,18000000,住宅地,１種住居,60.0,200.0,浜松,30分～60分,5.0,長方形,住宅
浜松市中央区,早出町,34.733162,137.749298,exact,宅地(土地),2025Q4,2025年第4四半期,280.0,29.0,88000,25000000,住宅地,１種住居,60.0,200.0,浜松,30分～60分,5.5,長方形,住宅
浜松市中央区,曳馬,34.72805,137.738464,exact,宅地(土地),2025Q4,2025年第4四半期,390.0,27.0,80000,32000000,住宅地,準住居,60.0,200.0,浜松,30分～60分,4.5,ほぼ長方形,住宅
浜松市中央区,曳馬,34.72805,137.738464,exact,宅地(土地),2025Q4,2025年第4四半期,170.0,49.0,150000,26000000,商業地,１種住居,60.0,200.0,浜松,30分～60分,6.6,ほぼ長方形,住宅
浜松市中央区,有玉北町,34.767532,137.753937,exact,宅地(土地),2025Q4,2025年第4四半期,500.0,22.0,68000,34000000,住宅地,調整区域,60.0,200.0,浜松,1H～1H30,6.0,ほぼ長方形,住宅
浜松市中央区,有玉北町,34.767532,137.753937,exact,宅地(土地),2025Q4,2025年第4四半期,160.0,4.1,12000,2000000,住宅地,調整区域,60.0,200.0,浜松,1H30～2H,,長方形,
浜松市中央区,有玉北町,34.767532,137.753937,exact,宅地(土地),2025Q4,2025年第4四半期,460.0,23.0,70000,32000000,住宅地,調整区域,60.0,200.0,浜松,1H～1H30,8.5,長方形,住宅
浜松市中央区,本郷町,34.697372,137.762314,exact,宅地(土地),2025Q4,2025年第4四半期,150.0,24.0,74000,11000000,商業地,２中住専,60.0,200.0,浜松,30分～60分,18.0,ほぼ台形,住宅
浜松市中央区,本郷町,34.697372,137.762314,exact,宅地(土地),2025Q4,2025年第4四半期,260.0,27.0,83000,21000000,住宅地,２中住専,60.0,200.0,浜松,30分～60分,7.8,長方形,住宅
浜松市中央区,東伊場,34.700596,137.713501,exact,宅地(土地),2025Q4,2025年第4四半期,155.0,42.0,130000,20000000,住宅地,近隣商業,80.0,300.0,浜松,21,5.5,ほぼ長方形,住宅
浜松市中央区,根洗町,34.79678,137.704224,exact,宅地(土地),2025Q4,2025年第4四半期,1900.0,13.0,40000,77000000,住宅地,調整区域,60.0,200.0,浜松,2H～,7.3,不整形,住宅
浜松市中央区,森田町,34.694099,137.717575,exact,宅地(土地),2025Q4,2025年第4四半期,115.0,26.0,78000,9000000,住宅地,工業,60.0,200.0,浜松,25,12.1,長方形,その他
浜松市中央区,植松町,34.711094,137.757187,exact,宅地(土地),2025Q4,2025年第4四半期,400.0,33.0,98000,39000000,住宅地,１種住居,60.0,200.0,浜松,30分～60分,14.0,ほぼ長方形,住宅
浜松市中央区,海老塚町,34.701069,137.730301,exact,宅地(土地),2025Q4,2025年第4四半期,95.0,23.0,71000,6900000,住宅地,１種住居,60.0,200.0,浜松,14,6.7,ほぼ長方形,その他
浜松市中央区,渡瀬町,34.706341,137.760956,exact,宅地(土地),2025Q4,2025年第4四半期,165.0,34.0,100000,17000000,住宅地,１種住居,60.0,200.0,浜松,30分～60分,5.0,ほぼ長方形,住宅
浜松市中央区,瓜内町,34.68808,137.735077,exact,宅地(土地),2025Q4,2025年第4四半期,260.0,24.0,73000,19000000,住宅地,１種住居,60.0,200.0,浜松,23,6.7,ほぼ長方形,
浜松市中央区,瓜内町,34.68808,137.735077,exact,宅地(土地),2025Q4,2025年第4四半期,480.0,22.0,66000,32000000,宅地見込地,１種住居,60.0,200.0,浜松,21,5.9,ほぼ長方形,
浜松市中央区,瓜内町,34.68808,137.735077,exact,宅地(土地),2025Q4,2025年第4四半期,1200.0,10.0,30000,36000000,宅地見込地,１種住居,60.0,200.0,浜松,23,6.0,ほぼ整形,
浜松市中央区,神田町,34.686474,137.721649,exact,宅地(土地),2025Q4,2025年第4四半期,570.0,20.0,60000,34000000,工業地,調整区域,60.0,200.0,浜松,29,6.8,長方形,その他
浜松市中央区,神田町,34.686474,137.721649,exact,宅地(土地),2025Q4,2025年第4四半期,290.0,28.0,85000,25000000,住宅地,１種住居,60.0,200.0,浜松,30分～60分,8.6,ほぼ正方形,店舗
浜松市中央区,神立町,34.715519,137.751587,exact,宅地(土地),2025Q4,2025年第4四半期,410.0,33.0,100000,41000000,住宅地,１種住居,60.0,200.0,浜松,30分～60分,6.0,ほぼ長方形,住宅
浜松市中央区,積志町,34.768257,137.765503,exact,宅地(土地),2025Q4,2025年第4四半期,260.0,13.0,40000,11000000,住宅地,調整区域,60.0,200.0,浜松,1H30～2H,3.5,台形,住宅
浜松市中央区,笠井新田町,34.76334,137.788437,exact,宅地(土地),2025Q4,2025年第4四半期,,2.5,7600,16000000,住宅地,調整区域,60.0,200.0,浜松,1H30～2H,4.0,不整形,
浜松市中央区,笠井新田町,34.76334,137.788437,exact,宅地(土地),2025Q4,2025年第4四半期,220.0,19.0,58000,13000000,住宅地,調整区域,60.0,200.0,浜松,2H～,4.7,袋地等,住宅
浜松市中央区,篠ケ瀬町,34.727535,137.775284,exact,宅地(土地),2025Q4,2025年第4四半期,,19.0,58000,130000000,住宅地,１種住居,60.0,200.0,浜松,30分～60分,7.2,ほぼ台形,住宅
浜松市中央区,篠原町,34.68391,137.6642,exact,宅地(土地),2025Q4,2025年第4四半期,300.0,2.4,7300,2200000,工業地,調整区域,60.0,200.0,浜松,1H30～2H,,不整形,
浜松市中央区,舞阪町弁天島,34.694736,137.597244,exact,宅地(土地),2025Q4,2025年第4四半期,1100.0,8.8,27000,30000000,住宅地,１種住居,60.0,200.0,浜松,2H～,5.7,長方形,店舗
浜松市中央区,舞阪町弁天島,34.694736,137.597244,exact,宅地(土地),2025Q4,2025年第4四半期,260.0,8.9,27000,6900000,住宅地,１種住居,60.0,200.0,浜松,2H～,4.3,長方形,その他
浜松市中央区,葵東,34.75436,137.71965,exact,宅地(土地),2025Q4,2025年第4四半期,500.0,50.0,150000,75000000,商業地,近隣商業,80.0,300.0,浜松,1H30～2H,17.7,長方形,その他
浜松市中央区,西ケ崎町,34.77565,137.765549,exact,宅地(土地),2025Q4,2025年第4四半期,450.0,6.5,20000,8800000,住宅地,調整区域,60.0,200.0,浜松,1H30～2H,4.0,長方形,
浜松市中央区,西丘町,34.7714,137.691727,exact,宅地(土地),2025Q4,2025年第4四半期,230.0,30.0,90000,21000000,住宅地,調整区域,60.0,200.0,浜松,2H～,6.3,ほぼ長方形,住宅
浜松市中央区,長田町,34.670734,137.777084,exact,宅地(土地),2025Q4,2025年第4四半期,290.0,1.5,4500,1300000,宅地見込地,調整区域,60.0,200.0,浜松,1H～1H30,4.7,長方形,
浜松市中央区,頭陀寺町,34.69873,137.757996,exact,宅地(土地),2025Q4,2025年第4四半期,200.0,15.0,45000,9000000,住宅地,１種住居,60.0,200.0,浜松,30分～60分,5.7,ほぼ正方形,
浜松市中央区,飯田町,34.706932,137.775757,exact,宅地(土地),2025Q4,2025年第4四半期,380.0,8.7,26000,10000000,工業地,工業,60.0,200.0,浜松,1H～1H30,,ほぼ長方形,倉庫
浜松市中央区,高塚町,34.690266,137.681183,exact,宅地(土地),2025Q4,2025年第4四半期,400.0,12.0,38000,15000000,住宅地,調整区域,60.0,200.0,浜松,1H～1H30,5.0,長方形,
浜松市中央区,高塚町,34.690266,137.681183,exact,宅地(土地),2025Q4,2025年第4四半期,220.0,30.0,92000,20000000,住宅地,１種住居,60.0,200.0,浜松,1H～1H30,6.0,ほぼ長方形,住宅
浜松市中央区,高塚町,34.690266,137.681183,exact,宅地(土地),2025Q4,2025年第4四半期,200.0,12.0,35000,7000000,住宅地,１種住居,60.0,200.0,浜松,1H～1H30,6.0,ほぼ正方形,住宅
浜松市中央区,高塚町,34.690266,137.681183,exact,宅地(土地),2025Q4,2025年第4四半期,260.0,24.0,72000,19000000,住宅地,近隣商業,80.0,300.0,浜松,1H～1H30,5.0,ほぼ長方形,その他
浜松市中央区,高塚町,34.690266,137.681183,exact,宅地(土地),2025Q4,2025年第4四半期,200.0,32.0,97000,19000000,住宅地,１種住居,60.0,200.0,浜松,1H～1H30,6.0,ほぼ長方形,住宅
浜松市中央区,高林,34.725838,137.730957,exact,宅地(土地),2025Q4,2025年第4四半期,,19.0,57000,120000000,住宅地,１種住居,60.0,200.0,浜松,30分～60分,6.5,長方形,住宅
浜松市中央区,鴨江,34.702599,137.720932,exact,宅地(土地),2025Q4,2025年第4四半期,95.0,46.0,140000,13000000,商業地,近隣商業,80.0,300.0,浜松,18,16.0,ほぼ台形,その他
浜松市中央区,鴨江,34.702599,137.720932,exact,宅地(土地),2025Q4,2025年第4四半期,380.0,27.0,82000,31000000,住宅地,１中住専,60.0,200.0,浜松,26,5.8,不整形,その他
浜松市中央区,龍禅寺町,34.696106,137.740295,exact,宅地(土地),2025Q4,2025年第4四半期,95.0,19.0,57000,5500000,住宅地,近隣商業,80.0,300.0,浜松,15,5.9,台形,住宅
浜松市天竜区,二俣町二俣,34.864529,137.815796,exact,宅地(土地),2025Q4,2025年第4四半期,95.0,12.0,37000,3500000,住宅地,２種住居,60.0,200.0,天竜二俣,23,3.7,ほぼ台形,その他
浜松市天竜区,二俣町二俣,34.864529,137.815796,exact,宅地(土地),2025Q4,2025年第4四半期,200.0,8.4,25000,5200000,住宅地,２種住居,60.0,200.0,二俣本町,4,6.0,長方形,住宅
浜松市天竜区,山東,34.896603,137.834045,exact,宅地(土地),2025Q4,2025年第4四半期,260.0,6.2,19000,5000000,住宅地,１種住居,60.0,200.0,天竜二俣,24,2.4,不整形,住宅
浜松市天竜区,山東,34.896603,137.834045,exact,宅地(土地),2025Q4,2025年第4四半期,340.0,1.7,5300,1800000,商業地,準住居,60.0,200.0,天竜二俣,20,10.7,不整形,その他
浜松市天竜区,山東,34.896603,137.834045,exact,宅地(土地),2025Q4,2025年第4四半期,270.0,4.9,15000,4000000,住宅地,１種住居,60.0,200.0,天竜二俣,20,2.8,袋地等,その他
浜松市天竜区,横山町,34.946777,137.802795,exact,宅地(土地),2025Q4,2025年第4四半期,270.0,0.1,300,82000,住宅地,都計外,,,天竜二俣,2H～,8.8,長方形,その他
浜松市天竜区,船明,34.890594,137.819458,exact,宅地(土地),2025Q4,2025年第4四半期,135.0,0.13,390,53000,宅地見込地,調整区域,60.0,200.0,天竜二俣,30分～60分,,不整形,
浜松市天竜区,船明,34.890594,137.819458,exact,宅地(土地),2025Q4,2025年第4四半期,370.0,5.5,17000,6100000,住宅地,２中住専,60.0,150.0,天竜二俣,30分～60分,12.0,長方形,住宅
浜松市天竜区,船明,34.890594,137.819458,exact,宅地(土地),2025Q4,2025年第4四半期,560.0,6.0,18000,10000000,住宅地,２中住専,60.0,150.0,天竜二俣,30分～60分,20.0,ほぼ長方形,住宅
浜松市天竜区,船明,34.890594,137.819458,exact,宅地(土地),2025Q4,2025年第4四半期,55.0,4.5,14000,740000,工業地,工業,60.0,200.0,浜松,2H～,,ほぼ長方形,その他
浜松市浜名区,三ヶ日町三ヶ日,34.80666,137.548767,exact,宅地(土地),2025Q4,2025年第4四半期,130.0,1.8,5300,700000,住宅地,２中住専,60.0,150.0,三ケ日,6,6.8,不整形,
浜松市浜名区,三ヶ日町三ヶ日,34.80666,137.548767,exact,宅地(土地),2025Q4,2025年第4四半期,50.0,6.5,20000,1000000,住宅地,１種住居,60.0,200.0,三ケ日,8,6.1,長方形,その他
浜松市浜名区,三ヶ日町大崎,34.773129,137.565201,exact,宅地(土地),2025Q4,2025年第4四半期,350.0,6.4,19000,6800000,住宅地,調整区域,60.0,200.0,都筑,30分～60分,3.5,長方形,住宅
浜松市浜名区,三ヶ日町都筑,34.790768,137.580826,exact,宅地(土地),2025Q4,2025年第4四半期,,0.1,310,1000000,宅地見込地,調整区域,60.0,200.0,都筑,15,1.8,不整形,
浜松市浜名区,上善地,34.797932,137.809219,exact,宅地(土地),2025Q4,2025年第4四半期,135.0,15.0,45000,6200000,住宅地,調整区域,60.0,200.0,美薗中央公園,25,7.0,ほぼ長方形,住宅
浜松市浜名区,中条,34.783016,137.782608,exact,宅地(土地),2025Q4,2025年第4四半期,220.0,21.0,65000,15000000,住宅地,１種住居,60.0,200.0,遠州小松,4,4.0,長方形,住宅
浜松市浜名区,中瀬,34.828583,137.816498,exact,宅地(土地),2025Q4,2025年第4四半期,310.0,9.4,28000,8800000,宅地見込地,調整区域,60.0,200.0,遠州小林,19,3.5,長方形,
浜松市浜名区,中瀬,34.828583,137.816498,exact,宅地(土地),2025Q4,2025年第4四半期,200.0,20.0,61000,12000000,住宅地,１低住専,60.0,100.0,西鹿島,8,6.0,ほぼ長方形,住宅
浜松市浜名区,善地,34.789577,137.807861,exact,宅地(土地),2025Q4,2025年第4四半期,280.0,20.0,60000,17000000,住宅地,調整区域,60.0,200.0,美薗中央公園,26,3.2,ほぼ台形,住宅
浜松市浜名区,小松,34.788467,137.772018,exact,宅地(土地),2025Q4,2025年第4四半期,280.0,25.0,76000,21000000,住宅地,調整区域,60.0,200.0,遠州小松,9,4.0,ほぼ台形,住宅
浜松市浜名区,小松,34.788467,137.772018,exact,宅地(土地),2025Q4,2025年第4四半期,165.0,16.0,48000,7900000,住宅地,２種住居,60.0,200.0,遠州小松,8,2.2,ほぼ長方形,その他
浜松市浜名区,小松,34.788467,137.772018,exact,宅地(土地),2025Q4,2025年第4四半期,85.0,12.0,37000,3100000,住宅地,商業,80.0,400.0,遠州小松,1,2.0,不整形,住宅
浜松市浜名区,小松,34.788467,137.772018,exact,宅地(土地),2025Q4,2025年第4四半期,60.0,12.0,37000,2100000,住宅地,商業,80.0,400.0,遠州小松,1,2.0,不整形,住宅
浜松市浜名区,小林,34.804749,137.78569,exact,宅地(土地),2025Q4,2025年第4四半期,500.0,10.0,30000,15000000,住宅地,調整区域,60.0,200.0,遠州小林,11,5.0,ほぼ長方形,
浜松市浜名区,小林,34.804749,137.78569,exact,宅地(土地),2025Q4,2025年第4四半期,450.0,5.5,17000,7500000,住宅地,調整区域,60.0,200.0,遠州小林,14,12.1,ほぼ長方形,
浜松市浜名区,尾野,34.837536,137.777344,exact,宅地(土地),2025Q4,2025年第4四半期,490.0,6.3,19000,9400000,住宅地,工業,60.0,200.0,遠州芝本,24,7.0,ほぼ長方形,住宅
浜松市浜名区,平口,34.799557,137.761536,exact,宅地(土地),2025Q4,2025年第4四半期,,5.5,17000,42000000,工業地,調整区域,60.0,200.0,浜松,2H～,12.0,ほぼ正方形,
浜松市浜名区,於呂,34.836628,137.798691,exact,宅地(土地),2025Q4,2025年第4四半期,155.0,21.0,63000,9800000,住宅地,調整区域,60.0,200.0,遠州岩水寺,3,4.0,ほぼ正方形,住宅
浜松市浜名区,本沢合,34.81216,137.799057,exact,宅地(土地),2025Q4,2025年第4四半期,55.0,22.0,68000,3900000,商業地,１種住居,60.0,200.0,遠州小林,1,6.0,不整形,その他
浜松市浜名区,本沢合,34.81216,137.799057,exact,宅地(土地),2025Q4,2025年第4四半期,230.0,22.0,68000,16000000,商業地,１種住居,60.0,200.0,遠州小林,1,4.0,不整形,その他
浜松市浜名区,東美薗,34.796207,137.803513,exact,宅地(土地),2025Q4,2025年第4四半期,960.0,8.6,26000,25000000,住宅地,調整区域,60.0,200.0,浜北,25,5.0,不整形,住宅
浜松市浜名区,横須賀,34.788834,137.787369,exact,宅地(土地),2025Q4,2025年第4四半期,230.0,24.0,73000,17000000,住宅地,工業,60.0,200.0,浜北,9,3.2,台形,住宅
浜松市浜名区,沼,34.792397,137.786865,exact,宅地(土地),2025Q4,2025年第4四半期,90.0,31.0,94000,8400000,住宅地,商業,80.0,400.0,浜北,4,6.4,長方形,住宅
浜松市浜名区,沼,34.792397,137.786865,exact,宅地(土地),2025Q4,2025年第4四半期,85.0,32.0,96000,8400000,商業地,商業,80.0,400.0,浜北,4,6.4,長方形,住宅
浜松市浜名区,細江町三和,34.824039,137.689407,exact,宅地(土地),2025Q4,2025年第4四半期,45.0,9.0,27000,1200000,住宅地,調整区域,60.0,200.0,金指,14,6.0,長方形,住宅
浜松市浜名区,細江町気賀,34.802845,137.632553,exact,宅地(土地),2025Q4,2025年第4四半期,160.0,4.1,12000,2000000,住宅地,近隣商業,80.0,300.0,気賀,8,2.6,ほぼ長方形,その他
浜松市浜名区,西中瀬,34.821514,137.809357,exact,宅地(土地),2025Q4,2025年第4四半期,560.0,24.0,72000,41000000,住宅地,１中住専,50.0,150.0,遠州芝本,15,12.0,ほぼ長方形,住宅
浜松市浜名区,西中瀬,34.821514,137.809357,exact,宅地(土地),2025Q4,2025年第4四半期,330.0,24.0,73000,24000000,住宅地,１中住専,50.0,150.0,遠州芝本,15,6.0,ほぼ長方形,住宅
浜松市浜名区,西中瀬,34.821514,137.809357,exact,宅地(土地),2025Q4,2025年第4四半期,170.0,29.0,88000,15000000,住宅地,１中住専,50.0,150.0,遠州芝本,19,12.0,ほぼ長方形,
浜松市浜名区,西美薗,34.80135,137.795883,exact,宅地(土地),2025Q4,2025年第4四半期,200.0,28.0,86000,17000000,住宅地,１低住専,40.0,60.0,美薗中央公園,11,7.0,ほぼ正方形,住宅
浜松市浜名区,貴布祢,34.795467,137.782883,exact,宅地(土地),2025Q4,2025年第4四半期,130.0,33.0,100000,13000000,商業地,２中住専,60.0,150.0,浜松,4,12.0,ほぼ長方形,住宅
浜松市浜名区,貴布祢,34.795467,137.782883,exact,宅地(土地),2025Q4,2025年第4四半期,260.0,27.0,83000,22000000,住宅地,１種住居,60.0,200.0,美薗中央公園,11,9.2,不整形,
浜松市中央区,三島町,34.688896,137.745956,exact,宅地(土地),2025Q3,2025年第3四半期,550.0,30.0,91000,51000000,住宅地,１種住居,60.0,200.0,浜松,30分～60分,3.6,台形,住宅
浜松市中央区,三島町,34.688896,137.745956,exact,宅地(土地),2025Q3,2025年第3四半期,170.0,32.0,97000,17000000,住宅地,１種住居,60.0,200.0,浜松,29,6.0,ほぼ正方形,住宅
浜松市中央区,三幸町,34.79985,137.722443,exact,宅地(土地),2025Q3,2025年第3四半期,250.0,18.0,55000,14000000,住宅地,調整区域,60.0,200.0,浜松,2H～,7.0,長方形,住宅
浜松市中央区,三方原町,34.781647,137.711975,exact,宅地(土地),2025Q3,2025年第3四半期,330.0,6.5,20000,6500000,住宅地,調整区域,60.0,200.0,浜松,2H～,5.8,長方形,
浜松市中央区,三方原町,34.781647,137.711975,exact,宅地(土地),2025Q3,2025年第3四半期,260.0,18.0,53000,14000000,住宅地,調整区域,60.0,200.0,浜松,2H～,7.3,ほぼ正方形,住宅
浜松市中央区,三方原町,34.781647,137.711975,exact,宅地(土地),2025Q3,2025年第3四半期,195.0,19.0,57000,11000000,住宅地,調整区域,60.0,200.0,浜松,1H30～2H,14.2,長方形,住宅
浜松市中央区,三方原町,34.781647,137.711975,exact,宅地(土地),2025Q3,2025年第3四半期,185.0,31.0,95000,18000000,住宅地,調整区域,60.0,200.0,浜松,2H～,7.3,ほぼ長方形,住宅
浜松市中央区,三組町,34.708858,137.719986,exact,宅地(土地),2025Q3,2025年第3四半期,150.0,51.0,150000,24000000,住宅地,２種住居,60.0,200.0,浜松,18,5.1,長方形,住宅
浜松市中央区,三組町,34.708858,137.719986,exact,宅地(土地),2025Q3,2025年第3四半期,95.0,36.0,110000,10000000,住宅地,２種住居,60.0,200.0,浜松,19,2.7,台形,その他
浜松市中央区,三組町,34.708858,137.719986,exact,宅地(土地),2025Q3,2025年第3四半期,330.0,39.0,120000,39000000,住宅地,１中住専,60.0,200.0,浜松,23,5.0,ほぼ整形,住宅
浜松市中央区,上島,34.737988,137.740402,exact,宅地(土地),2025Q3,2025年第3四半期,125.0,18.0,53000,6600000,住宅地,１種住居,60.0,200.0,浜松,1H～1H30,4.0,袋地等,住宅
浜松市中央区,上島,34.737988,137.740402,exact,宅地(土地),2025Q3,2025年第3四半期,200.0,54.0,160000,32000000,商業地,１種住居,60.0,200.0,浜松,1H～1H30,11.0,長方形,住宅
浜松市中央区,上浅田,34.69648,137.726624,exact,宅地(土地),2025Q3,2025年第3四半期,55.0,19.0,57000,3200000,住宅地,１種住居,60.0,200.0,浜松,15,6.5,長方形,その他
浜松市中央区,下石田町,34.7402,137.783447,exact,宅地(土地),2025Q3,2025年第3四半期,200.0,27.0,81000,16000000,住宅地,調整区域,60.0,200.0,浜松,1H30～2H,4.0,ほぼ長方形,住宅
浜松市中央区,中島,34.705391,137.746933,exact,宅地(土地),2025Q3,2025年第3四半期,175.0,20.0,60000,11000000,住宅地,近隣商業,80.0,200.0,浜松,15,4.5,長方形,その他
浜松市中央区,中島,34.705391,137.746933,exact,宅地(土地),2025Q3,2025年第3四半期,240.0,33.0,99000,24000000,住宅地,１種住居,60.0,200.0,浜松,23,3.0,ほぼ長方形,住宅
浜松市中央区,中沢町,34.721622,137.728867,exact,宅地(土地),2025Q3,2025年第3四半期,50.0,1.9,5800,300000,住宅地,２中住専,60.0,200.0,浜松,30分～60分,3.7,長方形,その他
浜松市中央区,中沢町,34.721622,137.728867,exact,宅地(土地),2025Q3,2025年第3四半期,630.0,21.0,63000,39000000,住宅地,近隣商業,80.0,300.0,浜松,25,3.9,不整形,
浜松市中央区,中田島町,34.668755,137.741867,exact,宅地(土地),2025Q3,2025年第3四半期,230.0,7.2,22000,5000000,住宅地,２中住専,60.0,200.0,浜松,30分～60分,3.5,長方形,住宅
浜松市中央区,中郡町,34.773895,137.77951,exact,宅地(土地),2025Q3,2025年第3四半期,120.0,5.0,15000,1800000,住宅地,調整区域,60.0,200.0,浜松,1H30～2H,7.2,ほぼ長方形,
浜松市中央区,中郡町,34.773895,137.77951,exact,宅地(土地),2025Q3,2025年第3四半期,55.0,10.0,30000,1700000,住宅地,調整区域,60.0,200.0,浜松,1H30～2H,3.5,不整形,その他
浜松市中央区,中郡町,34.773895,137.77951,exact,宅地(土地),2025Q3,2025年第3四半期,190.0,12.0,37000,7200000,住宅地,調整区域,60.0,200.0,浜松,2H～,8.0,不整形,
浜松市中央区,住吉,34.728344,137.724762,exact,宅地(土地),2025Q3,2025年第3四半期,430.0,36.0,110000,46000000,住宅地,２中住専,60.0,200.0,浜松,30分～60分,6.8,ほぼ台形,住宅
浜松市中央区,住吉,34.728344,137.724762,exact,宅地(土地),2025Q3,2025年第3四半期,100.0,33.0,100000,10000000,住宅地,２中住専,60.0,200.0,浜松,30分～60分,4.0,長方形,住宅
浜松市中央区,佐藤,34.712879,137.744385,exact,宅地(土地),2025Q3,2025年第3四半期,100.0,45.0,140000,14000000,住宅地,２種住居,60.0,200.0,浜松,29,5.9,ほぼ長方形,
浜松市中央区,佐藤,34.712879,137.744385,exact,宅地(土地),2025Q3,2025年第3四半期,340.0,39.0,120000,40000000,住宅地,近隣商業,80.0,200.0,浜松,20,1.8,ほぼ長方形,住宅
浜松市中央区,佐鳴台,34.703594,137.700989,exact,宅地(土地),2025Q3,2025年第3四半期,340.0,37.0,110000,38000000,住宅地,１中住専,60.0,200.0,浜松,30分～60分,12.0,台形,住宅
浜松市中央区,佐鳴台,34.703594,137.700989,exact,宅地(土地),2025Q3,2025年第3四半期,160.0,45.0,140000,22000000,住宅地,１中住専,60.0,200.0,浜松,30分～60分,12.0,長方形,住宅
浜松市中央区,佐鳴台,34.703594,137.700989,exact,宅地(土地),2025Q3,2025年第3四半期,270.0,42.0,130000,35000000,住宅地,１中住専,60.0,200.0,浜松,30分～60分,6.0,長方形,
浜松市中央区,佐鳴台,34.703594,137.700989,exact,宅地(土地),2025Q3,2025年第3四半期,230.0,33.0,99000,22000000,住宅地,１中住専,60.0,200.0,浜松,30分～60分,6.0,ほぼ長方形,住宅
浜松市中央区,倉松町,34.673412,137.692551,exact,宅地(土地),2025Q3,2025年第3四半期,165.0,4.0,12000,2000000,住宅地,調整区域,60.0,200.0,浜松,1H～1H30,6.6,長方形,その他
浜松市中央区,元浜町,34.715229,137.732635,exact,宅地(土地),2025Q3,2025年第3四半期,115.0,41.0,120000,14000000,商業地,商業,80.0,400.0,浜松,21,6.6,ほぼ長方形,住宅
浜松市中央区,元浜町,34.715229,137.732635,exact,宅地(土地),2025Q3,2025年第3四半期,115.0,65.0,200000,23000000,商業地,商業,80.0,500.0,浜松,16,5.9,ほぼ台形,その他
浜松市中央区,入野町,34.701485,137.682983,exact,宅地(土地),2025Q3,2025年第3四半期,230.0,40.0,120000,28000000,住宅地,１中住専,60.0,200.0,浜松,1H～1H30,8.1,ほぼ長方形,住宅
浜松市中央区,入野町,34.701485,137.682983,exact,宅地(土地),2025Q3,2025年第3四半期,260.0,14.0,41000,11000000,住宅地,調整区域,60.0,200.0,浜松,1H～1H30,3.0,袋地等,その他
浜松市中央区,入野町,34.701485,137.682983,exact,宅地(土地),2025Q3,2025年第3四半期,155.0,17.0,52000,8000000,住宅地,１種住居,60.0,200.0,浜松,1H～1H30,4.0,ほぼ正方形,住宅
浜松市中央区,初生町,34.764103,137.727509,exact,宅地(土地),2025Q3,2025年第3四半期,330.0,18.0,56000,19000000,住宅地,調整区域,60.0,200.0,浜松,1H～1H30,5.7,不整形,住宅
浜松市中央区,初生町,34.764103,137.727509,exact,宅地(土地),2025Q3,2025年第3四半期,195.0,34.0,100000,20000000,住宅地,調整区域,60.0,200.0,浜松,1H30～2H,4.0,長方形,住宅
浜松市中央区,初生町,34.764103,137.727509,exact,宅地(土地),2025Q3,2025年第3四半期,95.0,21.0,64000,6000000,住宅地,調整区域,60.0,200.0,浜松,1H30～2H,4.0,ほぼ台形,その他
浜松市中央区,初生町,34.764103,137.727509,exact,宅地(土地),2025Q3,2025年第3四半期,300.0,15.0,45000,14000000,住宅地,調整区域,60.0,200.0,浜松,1H30～2H,4.0,長方形,住宅
浜松市中央区,初生町,34.764103,137.727509,exact,宅地(土地),2025Q3,2025年第3四半期,270.0,27.0,83000,22000000,住宅地,調整区域,60.0,200.0,浜松,1H30～2H,4.0,不整形,住宅
浜松市中央区,助信町,34.722408,137.735687,exact,宅地(土地),2025Q3,2025年第3四半期,140.0,80.0,240000,34000000,住宅地,商業,80.0,400.0,浜松,23,7.0,長方形,住宅
浜松市中央区,北寺島町,34.703026,137.74295,exact,宅地(土地),2025Q3,2025年第3四半期,300.0,42.0,130000,38000000,住宅地,近隣商業,80.0,300.0,浜松,9,4.2,ほぼ長方形,住宅
浜松市中央区,北寺島町,34.703026,137.74295,exact,宅地(土地),2025Q3,2025年第3四半期,150.0,33.0,99000,15000000,住宅地,２種住居,60.0,200.0,浜松,13,6.0,ほぼ長方形,住宅
浜松市中央区,北寺島町,34.703026,137.74295,exact,宅地(土地),2025Q3,2025年第3四半期,260.0,45.0,140000,36000000,商業地,商業,80.0,500.0,浜松,6,8.5,ほぼ長方形,住宅
浜松市中央区,北島町,34.730206,137.781448,exact,宅地(土地),2025Q3,2025年第3四半期,175.0,26.0,77000,14000000,住宅地,１種住居,60.0,200.0,浜松,1H～1H30,8.5,袋地等,住宅
浜松市中央区,北島町,34.730206,137.781448,exact,宅地(土地),2025Q3,2025年第3四半期,400.0,23.0,70000,28000000,住宅地,１種住居,60.0,200.0,浜松,1H～1H30,6.2,ほぼ台形,
浜松市中央区,原島町,34.729496,137.769043,exact,宅地(土地),2025Q3,2025年第3四半期,300.0,28.0,85000,25000000,住宅地,工業,60.0,200.0,浜松,1H～1H30,6.3,長方形,住宅
浜松市中央区,古人見町,34.723663,137.628952,exact,宅地(土地),2025Q3,2025年第3四半期,230.0,20.0,61000,14000000,住宅地,調整区域,60.0,200.0,浜松,2H～,6.0,長方形,住宅
浜松市中央区,古川町,34.687553,137.771103,exact,宅地(土地),2025Q3,2025年第3四半期,300.0,17.0,52000,16000000,住宅地,調整区域,60.0,200.0,浜松,30分～60分,14.9,台形,住宅
浜松市中央区,向宿,34.707256,137.751694,exact,宅地(土地),2025Q3,2025年第3四半期,660.0,35.0,110000,70000000,商業地,１種住居,60.0,200.0,浜松,21,11.3,長方形,住宅
浜松市中央区,和地山,34.726784,137.721008,exact,宅地(土地),2025Q3,2025年第3四半期,85.0,7.9,24000,2000000,住宅地,近隣商業,80.0,200.0,浜松,30分～60分,4.0,ほぼ長方形,住宅
浜松市中央区,城北,34.719688,137.723587,exact,宅地(土地),2025Q3,2025年第3四半期,120.0,35.0,110000,13000000,住宅地,２中住専,60.0,200.0,浜松,30分～60分,6.7,ほぼ台形,
浜松市中央区,城北,34.719688,137.723587,exact,宅地(土地),2025Q3,2025年第3四半期,240.0,44.0,130000,32000000,住宅地,２中住専,60.0,200.0,浜松,30分～60分,8.5,ほぼ長方形,住宅
浜松市中央区,城北,34.719688,137.723587,exact,宅地(土地),2025Q3,2025年第3四半期,230.0,39.0,120000,27000000,住宅地,近隣商業,80.0,300.0,浜松,25,4.8,ほぼ長方形,住宅
浜松市中央区,大久保町,34.719414,137.653656,exact,宅地(土地),2025Q3,2025年第3四半期,400.0,7.9,24000,9600000,住宅地,調整区域,60.0,200.0,浜松,1H30～2H,6.0,ほぼ長方形,住宅
浜松市中央区,大久保町,34.719414,137.653656,exact,宅地(土地),2025Q3,2025年第3四半期,200.0,26.0,80000,16000000,住宅地,調整区域,60.0,200.0,浜松,1H30～2H,5.6,長方形,住宅
浜松市中央区,大人見町,34.733765,137.653015,exact,宅地(土地),2025Q3,2025年第3四半期,200.0,16.0,47000,9500000,住宅地,調整区域,60.0,200.0,浜松,2H～,6.0,長方形,住宅
浜松市中央区,大島町,34.761375,137.781281,exact,宅地(土地),2025Q3,2025年第3四半期,240.0,23.0,71000,17000000,住宅地,調整区域,60.0,200.0,浜松,1H30～2H,4.6,長方形,住宅
浜松市中央区,大瀬町,34.759674,137.768112,exact,宅地(土地),2025Q3,2025年第3四半期,260.0,25.0,75000,19000000,住宅地,１中住専,60.0,200.0,浜松,1H～1H30,10.0,ほぼ長方形,住宅
浜松市中央区,大瀬町,34.759674,137.768112,exact,宅地(土地),2025Q3,2025年第3四半期,380.0,13.0,40000,15000000,住宅地,調整区域,60.0,200.0,浜松,1H～1H30,4.0,不整形,住宅
浜松市中央区,大蒲町,34.714752,137.767471,exact,宅地(土地),2025Q3,2025年第3四半期,150.0,35.0,110000,16000000,住宅地,１種住居,60.0,200.0,浜松,30分～60分,8.0,ほぼ長方形,住宅
浜松市中央区,天王町,34.737686,137.771011,exact,宅地(土地),2025Q3,2025年第3四半期,670.0,23.0,69000,46000000,住宅地,１種住居,60.0,200.0,浜松,1H～1H30,5.0,ほぼ整形,
浜松市中央区,天王町,34.737686,137.771011,exact,宅地(土地),2025Q3,2025年第3四半期,220.0,31.0,94000,21000000,住宅地,調整区域,60.0,200.0,浜松,1H～1H30,13.0,長方形,住宅
浜松市中央区,天王町,34.737686,137.771011,exact,宅地(土地),2025Q3,2025年第3四半期,990.0,25.0,74000,74000000,工業地,工業,60.0,200.0,浜松,1H～1H30,6.5,長方形,倉庫
浜松市中央区,天神町,34.710606,137.752243,exact,宅地(土地),2025Q3,2025年第3四半期,380.0,26.0,79000,30000000,住宅地,１種住居,60.0,200.0,浜松,29,4.5,ほぼ長方形,その他
浜松市中央区,天神町,34.710606,137.752243,exact,宅地(土地),2025Q3,2025年第3四半期,290.0,32.0,98000,28000000,住宅地,１種住居,60.0,200.0,浜松,29,6.0,ほぼ長方形,その他
浜松市中央区,天龍川町,34.720547,137.778946,exact,宅地(土地),2025Q3,2025年第3四半期,470.0,20.0,61000,28000000,住宅地,１種住居,60.0,200.0,浜松,1H～1H30,8.5,ほぼ長方形,
浜松市中央区,天龍川町,34.720547,137.778946,exact,宅地(土地),2025Q3,2025年第3四半期,210.0,37.0,110000,23000000,住宅地,１種住居,60.0,200.0,浜松,1H～1H30,10.5,ほぼ台形,その他
浜松市中央区,天龍川町,34.720547,137.778946,exact,宅地(土地),2025Q3,2025年第3四半期,540.0,20.0,60000,33000000,住宅地,１種住居,60.0,200.0,浜松,1H～1H30,4.8,ほぼ正方形,
浜松市中央区,安松町,34.697422,137.770172,exact,宅地(土地),2025Q3,2025年第3四半期,165.0,34.0,100000,17000000,住宅地,２中住専,60.0,200.0,浜松,30分～60分,7.8,ほぼ長方形,住宅
浜松市中央区,富塚町,34.726589,137.700714,exact,宅地(土地),2025Q3,2025年第3四半期,185.0,33.0,99000,19000000,住宅地,１低住専,50.0,80.0,浜松,1H～1H30,5.0,長方形,住宅
浜松市中央区,富塚町,34.726589,137.700714,exact,宅地(土地),2025Q3,2025年第3四半期,340.0,29.0,86000,29000000,商業地,１低住専,50.0,80.0,浜松,30分～60分,13.0,ほぼ正方形,店舗
浜松市中央区,富塚町,34.726589,137.700714,exact,宅地(土地),2025Q3,2025年第3四半期,260.0,24.0,72000,19000000,住宅地,１種住居,60.0,200.0,浜松,1H～1H30,6.0,不整形,事務所
浜松市中央区,富塚町,34.726589,137.700714,exact,宅地(土地),2025Q3,2025年第3四半期,680.0,9.7,29000,20000000,住宅地,１低住専,50.0,80.0,浜松,1H～1H30,13.0,ほぼ長方形,住宅
浜松市中央区,富塚町,34.726589,137.700714,exact,宅地(土地),2025Q3,2025年第3四半期,410.0,16.0,49000,20000000,住宅地,１低住専,50.0,80.0,浜松,1H～1H30,13.0,ほぼ長方形,住宅
浜松市中央区,富塚町,34.726589,137.700714,exact,宅地(土地),2025Q3,2025年第3四半期,210.0,36.0,110000,23000000,住宅地,１低住専,50.0,80.0,浜松,1H～1H30,5.0,長方形,住宅
浜松市中央区,小池町,34.747826,137.758209,exact,宅地(土地),2025Q3,2025年第3四半期,210.0,8.0,24000,5100000,住宅地,調整区域,60.0,200.0,浜松,1H～1H30,8.6,台形,住宅
浜松市中央区,小沢渡町,34.677761,137.679932,exact,宅地(土地),2025Q3,2025年第3四半期,1700.0,8.3,25000,42000000,住宅地,調整区域,60.0,200.0,浜松,1H～1H30,7.3,正方形,その他
浜松市中央区,市野町,34.748096,137.77211,exact,宅地(土地),2025Q3,2025年第3四半期,300.0,21.0,62000,19000000,住宅地,１種住居,60.0,200.0,浜松,1H～1H30,4.9,袋地等,住宅
浜松市中央区,常光町,34.752403,137.807526,exact,宅地(土地),2025Q3,2025年第3四半期,,4.9,15000,42000000,工業地,調整区域,60.0,200.0,浜松,2H～,7.6,ほぼ長方形,その他
浜松市中央区,常盤町,34.711044,137.732056,exact,宅地(土地),2025Q3,2025年第3四半期,280.0,110.0,340000,93000000,商業地,商業,80.0,500.0,浜松,10,6.2,長方形,その他
浜松市中央区,幸,34.739864,137.725037,exact,宅地(土地),2025Q3,2025年第3四半期,165.0,6.0,18000,3000000,住宅地,１種住居,60.0,200.0,浜松,30分～60分,,ほぼ長方形,
浜松市中央区,幸,34.739864,137.725037,exact,宅地(土地),2025Q3,2025年第3四半期,105.0,12.0,36000,3800000,住宅地,１中住専,60.0,200.0,浜松,30分～60分,4.2,ほぼ長方形,住宅
浜松市中央区,幸,34.739864,137.725037,exact,宅地(土地),2025Q3,2025年第3四半期,300.0,35.0,110000,32000000,商業地,１種住居,60.0,200.0,浜松,1H～1H30,15.5,ほぼ正方形,住宅
浜松市中央区,広沢,34.715424,137.717972,exact,宅地(土地),2025Q3,2025年第3四半期,200.0,43.0,130000,26000000,住宅地,１中住専,60.0,200.0,浜松,30分～60分,5.4,不整形,住宅
浜松市中央区,広沢,34.715424,137.717972,exact,宅地(土地),2025Q3,2025年第3四半期,70.0,40.0,120000,8400000,住宅地,１中住専,60.0,200.0,浜松,29,4.2,ほぼ台形,その他
浜松市中央区,広沢,34.715424,137.717972,exact,宅地(土地),2025Q3,2025年第3四半期,330.0,56.0,170000,56000000,住宅地,１中住専,60.0,200.0,浜松,30分～60分,3.1,ほぼ長方形,住宅
浜松市中央区,志都呂,34.698349,137.660233,exact,宅地(土地),2025Q3,2025年第3四半期,165.0,34.0,100000,17000000,住宅地,１中住専,60.0,200.0,浜松,1H～1H30,8.0,ほぼ長方形,住宅
浜松市中央区,志都呂町,34.702263,137.653748,exact,宅地(土地),2025Q3,2025年第3四半期,900.0,7.0,21000,19000000,住宅地,１中住専,60.0,200.0,浜松,1H30～2H,4.1,不整形,
浜松市中央区,成子町,34.701229,137.725891,exact,宅地(土地),2025Q3,2025年第3四半期,250.0,76.0,230000,58000000,商業地,商業,80.0,500.0,浜松,14,25.0,ほぼ長方形,住宅
浜松市中央区,新津町,34.721863,137.741684,exact,宅地(土地),2025Q3,2025年第3四半期,80.0,34.0,100000,8000000,商業地,１種住居,60.0,200.0,浜松,30分～60分,7.5,ほぼ長方形,その他
浜松市中央区,新津町,34.721863,137.741684,exact,宅地(土地),2025Q3,2025年第3四半期,210.0,38.0,110000,24000000,住宅地,１種住居,60.0,200.0,浜松,30分～60分,5.4,長方形,住宅
浜松市中央区,早出町,34.733162,137.749298,exact,宅地(土地),2025Q3,2025年第3四半期,210.0,30.0,90000,19000000,住宅地,１種住居,60.0,200.0,浜松,1H～1H30,14.0,長方形,住宅
浜松市中央区,早出町,34.733162,137.749298,exact,宅地(土地),2025Q3,2025年第3四半期,400.0,41.0,120000,49000000,商業地,１種住居,60.0,200.0,浜松,30分～60分,14.0,正方形,住宅
浜松市中央区,早出町,34.733162,137.749298,exact,宅地(土地),2025Q3,2025年第3四半期,120.0,48.0,150000,18000000,住宅地,１種住居,60.0,200.0,浜松,30分～60分,14.0,台形,
浜松市中央区,曳馬,34.72805,137.738464,exact,宅地(土地),2025Q3,2025年第3四半期,250.0,35.0,110000,26000000,住宅地,１種住居,60.0,200.0,浜松,30分～60分,4.8,長方形,
浜松市中央区,有玉北町,34.767532,137.753937,exact,宅地(土地),2025Q3,2025年第3四半期,220.0,29.0,86000,19000000,住宅地,調整区域,60.0,200.0,浜松,1H30～2H,4.4,長方形,住宅
浜松市中央区,有玉南町,34.752777,137.749146,exact,宅地(土地),2025Q3,2025年第3四半期,200.0,32.0,96000,19000000,住宅地,調整区域,60.0,200.0,浜松,1H～1H30,9.4,ほぼ長方形,住宅
浜松市中央区,有玉台,34.760178,137.73912,exact,宅地(土地),2025Q3,2025年第3四半期,390.0,26.0,80000,31000000,住宅地,１中住専,60.0,200.0,浜松,1H30～2H,6.2,ほぼ長方形,住宅
浜松市中央区,本郷町,34.697372,137.762314,exact,宅地(土地),2025Q3,2025年第3四半期,260.0,33.0,100000,26000000,住宅地,２中住専,60.0,200.0,浜松,30分～60分,8.0,長方形,住宅
浜松市中央区,東三方町,34.77961,137.73024,exact,宅地(土地),2025Q3,2025年第3四半期,1400.0,31.0,94000,140000000,商業地,調整区域,60.0,200.0,浜松,1H30～2H,9.0,ほぼ長方形,店舗
浜松市中央区,東三方町,34.77961,137.73024,exact,宅地(土地),2025Q3,2025年第3四半期,190.0,29.0,88000,17000000,住宅地,調整区域,60.0,200.0,浜松,1H30～2H,6.0,長方形,住宅
浜松市中央区,板屋町,34.706654,137.735123,exact,宅地(土地),2025Q3,2025年第3四半期,270.0,160.0,490000,130000000,商業地,商業,80.0,400.0,浜松,6,12.0,不整形,その他
浜松市中央区,板屋町,34.706654,137.735123,exact,宅地(土地),2025Q3,2025年第3四半期,380.0,210.0,640000,240000000,商業地,商業,80.0,400.0,浜松,9,20.0,不整形,住宅
浜松市中央区,板屋町,34.706654,137.735123,exact,宅地(土地),2025Q3,2025年第3四半期,1100.0,390.0,1200000,1300000000,商業地,商業,80.0,400.0,浜松,10,27.0,ほぼ長方形,その他
浜松市中央区,根洗町,34.79678,137.704224,exact,宅地(土地),2025Q3,2025年第3四半期,350.0,9.0,27000,9500000,住宅地,調整区域,60.0,200.0,浜松,2H～,6.8,長方形,
浜松市中央区,河輪町,34.674877,137.786209,exact,宅地(土地),2025Q3,2025年第3四半期,240.0,0.41,1200,300000,住宅地,調整区域,60.0,200.0,浜松,1H～1H30,5.5,不整形,
浜松市中央区,泉,34.739109,137.721542,exact,宅地(土地),2025Q3,2025年第3四半期,210.0,13.0,38000,8000000,住宅地,準工業,60.0,200.0,浜松,1H～1H30,4.0,ほぼ整形,その他
浜松市中央区,泉,34.739109,137.721542,exact,宅地(土地),2025Q3,2025年第3四半期,570.0,28.0,86000,49000000,商業地,近隣商業,80.0,200.0,浜松,1H～1H30,15.3,不整形,その他
浜松市中央区,浅田町,34.694942,137.733429,exact,宅地(土地),2025Q3,2025年第3四半期,125.0,28.0,85000,11000000,住宅地,近隣商業,80.0,300.0,浜松,12,4.0,ほぼ正方形,住宅
浜松市中央区,浅田町,34.694942,137.733429,exact,宅地(土地),2025Q3,2025年第3四半期,140.0,32.0,97000,13000000,住宅地,１種住居,60.0,200.0,浜松,16,6.6,長方形,住宅
浜松市中央区,海老塚,34.699268,137.729996,exact,宅地(土地),2025Q3,2025年第3四半期,220.0,46.0,140000,30000000,商業地,商業,80.0,500.0,浜松,11,6.5,ほぼ長方形,その他
浜松市中央区,海老塚,34.699268,137.729996,exact,宅地(土地),2025Q3,2025年第3四半期,145.0,50.0,150000,22000000,商業地,商業,80.0,500.0,浜松,11,16.0,ほぼ長方形,その他
浜松市中央区,湖東町,34.759209,137.674332,exact,宅地(土地),2025Q3,2025年第3四半期,470.0,6.6,20000,9400000,住宅地,調整区域,60.0,200.0,浜松,2H～,7.5,袋地等,住宅
浜松市中央区,瓜内町,34.68808,137.735077,exact,宅地(土地),2025Q3,2025年第3四半期,195.0,16.0,49000,9500000,住宅地,１種住居,60.0,200.0,浜松,18,3.4,ほぼ長方形,住宅
浜松市中央区,白羽町,34.672405,137.73172,exact,宅地(土地),2025Q3,2025年第3四半期,200.0,25.0,75000,15000000,住宅地,調整区域,60.0,200.0,浜松,30分～60分,4.0,長方形,
浜松市中央区,相生町,34.708038,137.746826,exact,宅地(土地),2025Q3,2025年第3四半期,310.0,32.0,97000,30000000,住宅地,近隣商業,80.0,300.0,浜松,30分～60分,5.2,不整形,住宅
浜松市中央区,砂山町,34.7019,137.734604,exact,宅地(土地),2025Q3,2025年第3四半期,220.0,79.0,240000,52000000,商業地,商業,80.0,500.0,浜松,6,8.0,ほぼ長方形,その他
浜松市中央区,砂山町,34.7019,137.734604,exact,宅地(土地),2025Q3,2025年第3四半期,60.0,53.0,160000,9500000,商業地,商業,80.0,500.0,浜松,4,6.0,ほぼ台形,その他
浜松市中央区,神田町,34.686474,137.721649,exact,宅地(土地),2025Q3,2025年第3四半期,220.0,22.0,67000,15000000,宅地見込地,調整区域,60.0,200.0,浜松,29,4.8,ほぼ長方形,
浜松市中央区,積志町,34.768257,137.765503,exact,宅地(土地),2025Q3,2025年第3四半期,240.0,6.2,19000,4500000,住宅地,調整区域,60.0,200.0,浜松,1H30～2H,4.6,台形,
浜松市中央区,笠井新田町,34.76334,137.788437,exact,宅地(土地),2025Q3,2025年第3四半期,210.0,15.0,46000,9500000,宅地見込地,調整区域,60.0,200.0,浜松,2H～,4.2,ほぼ台形,住宅
浜松市中央区,笠井町,34.768265,137.795425,exact,宅地(土地),2025Q3,2025年第3四半期,210.0,20.0,59000,13000000,住宅地,１種住居,60.0,200.0,浜松,2H～,5.0,ほぼ長方形,その他
浜松市中央区,篠ケ瀬町,34.727535,137.775284,exact,宅地(土地),2025Q3,2025年第3四半期,240.0,29.0,88000,21000000,住宅地,１種住居,60.0,200.0,浜松,1H～1H30,5.5,長方形,住宅
浜松市中央区,篠ケ瀬町,34.727535,137.775284,exact,宅地(土地),2025Q3,2025年第3四半期,195.0,32.0,98000,19000000,住宅地,１種住居,60.0,200.0,浜松,1H～1H30,6.6,長方形,住宅
浜松市中央区,篠原町,34.68391,137.6642,exact,宅地(土地),2025Q3,2025年第3四半期,870.0,13.0,40000,35000000,住宅地,工業,60.0,200.0,浜松,1H～1H30,10.2,長方形,住宅
浜松市中央区,舘山寺町,34.760361,137.620331,exact,宅地(土地),2025Q3,2025年第3四半期,195.0,0.25,770,150000,住宅地,１種住居,60.0,200.0,浜松,2H～,2.7,不整形,その他
浜松市中央区,舘山寺町,34.760361,137.620331,exact,宅地(土地),2025Q3,2025年第3四半期,115.0,5.0,15000,1800000,住宅地,１種住居,60.0,200.0,浜松,2H～,,長方形,
浜松市中央区,舞阪町弁天島,34.694736,137.597244,exact,宅地(土地),2025Q3,2025年第3四半期,360.0,10.0,30000,11000000,商業地,商業,80.0,400.0,浜松,2H～,,ほぼ台形,その他
浜松市中央区,舞阪町弁天島,34.694736,137.597244,exact,宅地(土地),2025Q3,2025年第3四半期,90.0,10.0,30000,2700000,住宅地,１種住居,60.0,200.0,浜松,2H～,6.0,長方形,その他
浜松市中央区,舞阪町浜田,34.682407,137.621399,exact,宅地(土地),2025Q3,2025年第3四半期,660.0,8.5,26000,17000000,住宅地,準工業,60.0,200.0,浜松,2H～,8.5,長方形,
浜松市中央区,若林町,34.691269,137.702515,exact,宅地(土地),2025Q3,2025年第3四半期,170.0,26.0,79000,13000000,住宅地,１種住居,60.0,200.0,浜松,30分～60分,4.0,ほぼ整形,住宅
浜松市中央区,若林町,34.691269,137.702515,exact,宅地(土地),2025Q3,2025年第3四半期,400.0,0.16,500,200000,住宅地,１種住居,60.0,200.0,浜松,30分～60分,,ほぼ長方形,住宅
浜松市中央区,茄子町,34.721519,137.745865,exact,宅地(土地),2025Q3,2025年第3四半期,430.0,33.0,98000,43000000,住宅地,１種住居,60.0,200.0,浜松,30分～60分,3.2,長方形,住宅
浜松市中央区,萩丘,34.749565,137.725739,exact,宅地(土地),2025Q3,2025年第3四半期,240.0,35.0,100000,25000000,住宅地,１中住専,60.0,200.0,浜松,1H～1H30,6.0,長方形,住宅
浜松市中央区,萩丘,34.749565,137.725739,exact,宅地(土地),2025Q3,2025年第3四半期,35.0,20.0,60000,2000000,住宅地,１種住居,60.0,200.0,浜松,1H～1H30,2.0,長方形,その他
浜松市中央区,葵東,34.75436,137.71965,exact,宅地(土地),2025Q3,2025年第3四半期,125.0,35.0,100000,13000000,商業地,近隣商業,80.0,300.0,浜松,1H～1H30,6.0,ほぼ長方形,その他
浜松市中央区,葵西,34.765339,137.714066,exact,宅地(土地),2025Q3,2025年第3四半期,115.0,27.0,81000,9400000,商業地,２種住居,60.0,200.0,浜松,1H30～2H,12.4,ほぼ長方形,住宅
浜松市中央区,葵西,34.765339,137.714066,exact,宅地(土地),2025Q3,2025年第3四半期,900.0,28.0,83000,75000000,住宅地,２種住居,60.0,200.0,浜松,2H～,7.1,不整形,事務所
浜松市中央区,西ケ崎町,34.77565,137.765549,exact,宅地(土地),2025Q3,2025年第3四半期,380.0,22.0,68000,26000000,住宅地,調整区域,60.0,200.0,浜松,1H30～2H,7.7,不整形,その他
浜松市中央区,西ケ崎町,34.77565,137.765549,exact,宅地(土地),2025Q3,2025年第3四半期,230.0,23.0,71000,16000000,住宅地,調整区域,60.0,200.0,浜松,1H30～2H,2.8,ほぼ正方形,その他
浜松市中央区,西山町,34.741135,137.688538,exact,宅地(土地),2025Q3,2025年第3四半期,220.0,21.0,64000,14000000,住宅地,調整区域,60.0,200.0,浜松,1H30～2H,3.2,ほぼ台形,住宅
浜松市中央区,西島町,34.669273,137.767029,exact,宅地(土地),2025Q3,2025年第3四半期,600.0,5.0,15000,9100000,住宅地,調整区域,60.0,200.0,浜松,1H～1H30,4.7,長方形,住宅
浜松市中央区,西浅田,34.694256,137.722672,exact,宅地(土地),2025Q3,2025年第3四半期,380.0,25.0,76000,29000000,住宅地,１種住居,60.0,200.0,浜松,23,6.5,長方形,その他
浜松市中央区,西浅田,34.694256,137.722672,exact,宅地(土地),2025Q3,2025年第3四半期,810.0,19.0,58000,47000000,住宅地,１種住居,60.0,200.0,浜松,23,6.5,長方形,その他
浜松市中央区,西浅田,34.694256,137.722672,exact,宅地(土地),2025Q3,2025年第3四半期,1000.0,20.0,61000,64000000,住宅地,１種住居,60.0,200.0,浜松,23,6.5,不整形,その他
浜松市中央区,西浅田,34.694256,137.722672,exact,宅地(土地),2025Q3,2025年第3四半期,340.0,19.0,59000,20000000,住宅地,１種住居,60.0,200.0,浜松,23,,不整形,その他
浜松市中央区,西町,34.683186,137.77916,exact,宅地(土地),2025Q3,2025年第3四半期,300.0,6.9,21000,6200000,住宅地,調整区域,60.0,200.0,浜松,30分～60分,5.2,長方形,住宅
浜松市中央区,豊岡町,34.789722,137.726929,exact,宅地(土地),2025Q3,2025年第3四半期,480.0,4.0,12000,5900000,住宅地,調整区域,60.0,200.0,浜松,2H～,5.8,長方形,住宅
浜松市中央区,豊岡町,34.789722,137.726929,exact,宅地(土地),2025Q3,2025年第3四半期,270.0,17.0,51000,14000000,住宅地,調整区域,60.0,200.0,浜松,2H～,8.0,袋地等,倉庫
浜松市中央区,豊町,34.775253,137.810959,exact,宅地(土地),2025Q3,2025年第3四半期,460.0,12.0,35000,16000000,住宅地,調整区域,60.0,200.0,浜松,2H～,5.0,不整形,住宅
浜松市中央区,豊町,34.775253,137.810959,exact,宅地(土地),2025Q3,2025年第3四半期,210.0,23.0,69000,14000000,住宅地,調整区域,60.0,200.0,浜松,2H～,3.8,長方形,住宅
浜松市中央区,豊町,34.775253,137.810959,exact,宅地(土地),2025Q3,2025年第3四半期,230.0,20.0,59000,14000000,住宅地,調整区域,60.0,200.0,浜松,2H～,4.0,ほぼ長方形,住宅
浜松市中央区,金折町,34.691784,137.780869,exact,宅地(土地),2025Q3,2025年第3四半期,670.0,4.8,14000,9700000,住宅地,調整区域,60.0,200.0,浜松,1H～1H30,7.6,ほぼ長方形,
浜松市中央区,雄踏町宇布見,34.702011,137.630325,exact,宅地(土地),2025Q3,2025年第3四半期,330.0,19.0,57000,19000000,住宅地,調整区域,60.0,200.0,浜松,1H30～2H,5.5,正方形,住宅
浜松市中央区,雄踏町宇布見,34.702011,137.630325,exact,宅地(土地),2025Q3,2025年第3四半期,75.0,18.0,54000,3900000,住宅地,近隣商業,80.0,200.0,浜松,2H～,6.0,長方形,住宅
浜松市中央区,雄踏町宇布見,34.702011,137.630325,exact,宅地(土地),2025Q3,2025年第3四半期,80.0,20.0,62000,5100000,住宅地,近隣商業,80.0,200.0,浜松,2H～,6.0,長方形,住宅
浜松市中央区,雄踏町宇布見,34.702011,137.630325,exact,宅地(土地),2025Q3,2025年第3四半期,150.0,21.0,64000,9600000,住宅地,２中住専,60.0,200.0,浜松,2H～,23.0,ほぼ正方形,住宅
浜松市中央区,領家,34.699879,137.752426,exact,宅地(土地),2025Q3,2025年第3四半期,390.0,26.0,77000,30000000,住宅地,１種住居,60.0,200.0,浜松,26,4.3,ほぼ長方形,
浜松市中央区,頭陀寺町,34.69873,137.757996,exact,宅地(土地),2025Q3,2025年第3四半期,35.0,20.0,61000,2000000,商業地,近隣商業,80.0,200.0,浜松,25,8.0,長方形,その他
浜松市中央区,馬郡町,34.686382,137.633194,exact,宅地(土地),2025Q3,2025年第3四半期,320.0,3.7,11000,3500000,住宅地,近隣商業,80.0,300.0,浜松,2H～,,ほぼ整形,住宅
浜松市中央区,高丘北,34.762993,137.708725,exact,宅地(土地),2025Q3,2025年第3四半期,330.0,27.0,82000,27000000,住宅地,１種住居,60.0,200.0,浜松,1H30～2H,7.5,不整形,住宅
浜松市中央区,高丘東,34.755383,137.706955,exact,宅地(土地),2025Q3,2025年第3四半期,380.0,28.0,85000,32000000,住宅地,１種住居,60.0,200.0,浜松,1H30～2H,6.0,ほぼ長方形,その他
浜松市中央区,高丘東,34.755383,137.706955,exact,宅地(土地),2025Q3,2025年第3四半期,175.0,35.0,110000,19000000,住宅地,工業,60.0,200.0,浜松,1H30～2H,6.0,長方形,住宅
浜松市中央区,高塚町,34.690266,137.681183,exact,宅地(土地),2025Q3,2025年第3四半期,420.0,19.0,57000,24000000,住宅地,近隣商業,80.0,300.0,高塚,3,1.0,長方形,
浜松市中央区,高塚町,34.690266,137.681183,exact,宅地(土地),2025Q3,2025年第3四半期,1500.0,19.0,58000,89000000,住宅地,近隣商業,80.0,300.0,浜松,1H～1H30,4.0,ほぼ台形,住宅
浜松市中央区,高塚町,34.690266,137.681183,exact,宅地(土地),2025Q3,2025年第3四半期,290.0,23.0,69000,20000000,住宅地,近隣商業,80.0,300.0,浜松,1H～1H30,5.5,ほぼ長方形,その他
浜松市中央区,鼡野町,34.67646,137.763214,exact,宅地(土地),2025Q3,2025年第3四半期,680.0,0.97,2900,2000000,宅地見込地,調整区域,60.0,200.0,浜松,30分～60分,7.7,長方形,
浜松市中央区,龍禅寺町,34.696106,137.740295,exact,宅地(土地),2025Q3,2025年第3四半期,490.0,30.0,91000,45000000,住宅地,近隣商業,80.0,300.0,浜松,13,6.0,不整形,住宅
浜松市天竜区,二俣町南鹿島,34.842651,137.808441,exact,宅地(土地),2025Q3,2025年第3四半期,140.0,7.4,23000,3200000,住宅地,２種住居,60.0,200.0,西鹿島,6,4.0,不整形,その他
浜松市天竜区,大谷,34.876392,137.81601,exact,宅地(土地),2025Q3,2025年第3四半期,410.0,2.4,7300,3000000,住宅地,２中住専,60.0,150.0,二俣本町,26,2.7,長方形,
浜松市天竜区,山東,34.896603,137.834045,exact,宅地(土地),2025Q3,2025年第3四半期,210.0,0.6,1800,380000,工業地,調整区域,60.0,200.0,天竜二俣,30分～60分,2.0,ほぼ長方形,
浜松市天竜区,山東,34.896603,137.834045,exact,宅地(土地),2025Q3,2025年第3四半期,840.0,0.6,1800,1500000,工業地,１中住専,60.0,150.0,天竜二俣,30分～60分,2.0,不整形,
浜松市天竜区,山東,34.896603,137.834045,exact,宅地(土地),2025Q3,2025年第3四半期,175.0,2.8,8500,1500000,商業地,準住居,60.0,200.0,天竜二俣,20,10.7,ほぼ台形,事務所
浜松市天竜区,山東,34.896603,137.834045,exact,宅地(土地),2025Q3,2025年第3四半期,430.0,4.6,14000,6000000,商業地,準住居,60.0,200.0,天竜二俣,20,10.7,ほぼ整形,事務所
浜松市天竜区,横山町,34.946777,137.802795,exact,宅地(土地),2025Q3,2025年第3四半期,80.0,1.9,5600,450000,住宅地,都計外,,,天竜二俣,2H～,2.9,ほぼ長方形,その他
浜松市天竜区,水窪町地頭方,35.197067,137.977448,exact,宅地(土地),2025Q3,2025年第3四半期,390.0,0.06,180,130000,宅地見込地,都計外,,,水窪,10,,不整形,
浜松市天竜区,船明,34.890594,137.819458,exact,宅地(土地),2025Q3,2025年第3四半期,230.0,4.7,14000,3200000,住宅地,１中住専,60.0,150.0,天竜二俣,30分～60分,6.0,ほぼ長方形,その他
浜松市天竜区,船明,34.890594,137.819458,exact,宅地(土地),2025Q3,2025年第3四半期,310.0,4.8,14000,4500000,住宅地,準工業,60.0,200.0,天竜二俣,30分～60分,6.0,ほぼ正方形,住宅
浜松市天竜区,船明,34.890594,137.819458,exact,宅地(土地),2025Q3,2025年第3四半期,380.0,6.3,19000,7300000,住宅地,２中住専,60.0,150.0,二俣本町,30分～60分,12.0,長方形,住宅
浜松市天竜区,青谷,34.865307,137.780624,exact,宅地(土地),2025Q3,2025年第3四半期,1100.0,2.8,8300,9500000,住宅地,都計外,,,天竜二俣,1H～1H30,11.6,ほぼ台形,
浜松市浜名区,中条,34.783016,137.782608,exact,宅地(土地),2025Q3,2025年第3四半期,1900.0,21.0,64000,120000000,住宅地,１種住居,60.0,200.0,遠州小松,2,16.0,不整形,
浜松市浜名区,中条,34.783016,137.782608,exact,宅地(土地),2025Q3,2025年第3四半期,370.0,16.0,48000,18000000,住宅地,調整区域,60.0,200.0,遠州小松,16,8.1,ほぼ台形,住宅
浜松市浜名区,中条,34.783016,137.782608,exact,宅地(土地),2025Q3,2025年第3四半期,320.0,6.3,19000,6000000,住宅地,調整区域,60.0,200.0,遠州小松,11,5.5,ほぼ長方形,
浜松市浜名区,中条,34.783016,137.782608,exact,宅地(土地),2025Q3,2025年第3四半期,560.0,26.0,78000,44000000,住宅地,２種住居,60.0,200.0,遠州小松,3,3.0,ほぼ整形,住宅
浜松市浜名区,中条,34.783016,137.782608,exact,宅地(土地),2025Q3,2025年第3四半期,160.0,30.0,90000,14000000,住宅地,調整区域,60.0,200.0,遠州西ケ崎,9,4.5,ほぼ長方形,住宅
浜松市浜名区,内野台,34.78355,137.749466,exact,宅地(土地),2025Q3,2025年第3四半期,270.0,25.0,76000,21000000,住宅地,１低住専,50.0,80.0,遠州小松,30分～60分,6.6,ほぼ整形,住宅
浜松市浜名区,内野台,34.78355,137.749466,exact,宅地(土地),2025Q3,2025年第3四半期,230.0,14.0,43000,10000000,住宅地,１低住専,50.0,80.0,遠州小松,30分～60分,6.6,ほぼ長方形,住宅
浜松市浜名区,宮口,34.827023,137.768051,exact,宅地(土地),2025Q3,2025年第3四半期,260.0,12.0,38000,9800000,住宅地,調整区域,60.0,200.0,遠州芝本,30分～60分,4.1,台形,
浜松市浜名区,宮口,34.827023,137.768051,exact,宅地(土地),2025Q3,2025年第3四半期,85.0,16.0,49000,4200000,住宅地,調整区域,60.0,200.0,遠州芝本,30分～60分,8.6,ほぼ長方形,その他
浜松市浜名区,宮口,34.827023,137.768051,exact,宅地(土地),2025Q3,2025年第3四半期,310.0,13.0,39000,12000000,住宅地,調整区域,60.0,200.0,遠州芝本,30分～60分,4.0,袋地等,住宅
浜松市浜名区,寺島,34.781776,137.79364,exact,宅地(土地),2025Q3,2025年第3四半期,380.0,7.0,21000,8000000,住宅地,調整区域,60.0,200.0,遠州小松,15,16.0,ほぼ台形,
浜松市浜名区,寺島,34.781776,137.79364,exact,宅地(土地),2025Q3,2025年第3四半期,240.0,22.0,68000,16000000,住宅地,調整区域,60.0,200.0,浜北,21,4.1,ほぼ整形,その他
浜松市浜名区,寺島,34.781776,137.79364,exact,宅地(土地),2025Q3,2025年第3四半期,200.0,21.0,63000,12000000,住宅地,調整区域,60.0,200.0,浜北,21,4.1,不整形,その他
浜松市浜名区,尾野,34.837536,137.777344,exact,宅地(土地),2025Q3,2025年第3四半期,220.0,20.0,60000,13000000,住宅地,調整区域,60.0,200.0,遠州芝本,28,8.0,ほぼ台形,住宅
浜松市浜名区,平口,34.799557,137.761536,exact,宅地(土地),2025Q3,2025年第3四半期,1200.0,0.83,2500,3000000,住宅地,調整区域,60.0,200.0,遠州小林,30分～60分,6.7,ほぼ長方形,
浜松市浜名区,平口,34.799557,137.761536,exact,宅地(土地),2025Q3,2025年第3四半期,220.0,7.0,21000,4600000,住宅地,調整区域,60.0,200.0,浜北,30分～60分,5.5,ほぼ台形,住宅
浜松市浜名区,引佐町伊平,34.862679,137.660965,exact,宅地(土地),2025Q3,2025年第3四半期,480.0,3.4,10000,5000000,住宅地,都計外,,,金指,1H～1H30,11.9,長方形,住宅
浜松市浜名区,引佐町伊平,34.862679,137.660965,exact,宅地(土地),2025Q3,2025年第3四半期,880.0,0.34,1000,900000,宅地見込地,都計外,,,金指,1H～1H30,,不整形,
浜松市浜名区,新原,34.81485,137.78273,exact,宅地(土地),2025Q3,2025年第3四半期,45.0,11.0,32000,1500000,住宅地,調整区域,60.0,200.0,遠州小林,28,,不整形,その他
浜松市浜名区,新原,34.81485,137.78273,exact,宅地(土地),2025Q3,2025年第3四半期,980.0,1.5,4500,4500000,住宅地,調整区域,60.0,200.0,遠州芝本,23,7.0,ほぼ長方形,
浜松市浜名区,於呂,34.836628,137.798691,exact,宅地(土地),2025Q3,2025年第3四半期,200.0,20.0,60000,12000000,住宅地,調整区域,60.0,200.0,遠州岩水寺,9,10.0,ほぼ台形,住宅
浜松市浜名区,於呂,34.836628,137.798691,exact,宅地(土地),2025Q3,2025年第3四半期,290.0,18.0,56000,16000000,住宅地,調整区域,60.0,200.0,遠州岩水寺,4,5.5,ほぼ台形,住宅
浜松市浜名区,於呂,34.836628,137.798691,exact,宅地(土地),2025Q3,2025年第3四半期,200.0,18.0,55000,11000000,住宅地,調整区域,60.0,200.0,遠州岩水寺,8,9.9,ほぼ台形,住宅
浜松市浜名区,於呂,34.836628,137.798691,exact,宅地(土地),2025Q3,2025年第3四半期,1300.0,9.4,28000,38000000,住宅地,調整区域,60.0,200.0,遠州岩水寺,5,8.0,不整形,住宅
浜松市浜名区,於呂,34.836628,137.798691,exact,宅地(土地),2025Q3,2025年第3四半期,210.0,24.0,71000,15000000,住宅地,調整区域,60.0,200.0,遠州芝本,9,6.5,長方形,住宅
浜松市浜名区,於呂,34.836628,137.798691,exact,宅地(土地),2025Q3,2025年第3四半期,230.0,20.0,60000,14000000,住宅地,調整区域,60.0,200.0,遠州芝本,1,2.7,ほぼ長方形,住宅
浜松市浜名区,於呂,34.836628,137.798691,exact,宅地(土地),2025Q3,2025年第3四半期,510.0,0.99,3000,1500000,住宅地,調整区域,60.0,200.0,西鹿島,7,5.0,ほぼ整形,
浜松市浜名区,於呂,34.836628,137.798691,exact,宅地(土地),2025Q3,2025年第3四半期,240.0,19.0,57000,14000000,住宅地,調整区域,60.0,200.0,西鹿島,8,5.0,長方形,住宅
浜松市浜名区,本沢合,34.81216,137.799057,exact,宅地(土地),2025Q3,2025年第3四半期,200.0,28.0,86000,17000000,住宅地,１低住専,40.0,60.0,遠州小林,5,4.0,ほぼ長方形,住宅
浜松市浜名区,東美薗,34.796207,137.803513,exact,宅地(土地),2025Q3,2025年第3四半期,170.0,26.0,80000,14000000,住宅地,１低住専,40.0,60.0,遠州小林,11,4.5,ほぼ正方形,住宅
浜松市浜名区,沼,34.792397,137.786865,exact,宅地(土地),2025Q3,2025年第3四半期,530.0,19.0,58000,31000000,住宅地,２種住居,60.0,200.0,浜北,6,6.5,不整形,住宅
浜松市浜名区,竜南,34.782349,137.818756,exact,宅地(土地),2025Q3,2025年第3四半期,190.0,8.3,25000,4800000,住宅地,調整区域,60.0,200.0,浜北,30分～60分,4.8,ほぼ長方形,その他
浜松市浜名区,細江町中川,34.806942,137.678391,exact,宅地(土地),2025Q3,2025年第3四半期,230.0,3.8,12000,2700000,住宅地,調整区域,60.0,200.0,金指,26,5.0,長方形,
浜松市浜名区,細江町中川,34.806942,137.678391,exact,宅地(土地),2025Q3,2025年第3四半期,200.0,8.6,26000,5200000,宅地見込地,調整区域,60.0,200.0,気賀,30分～60分,4.0,袋地等,
浜松市浜名区,細江町中川,34.806942,137.678391,exact,宅地(土地),2025Q3,2025年第3四半期,230.0,4.7,14000,3300000,住宅地,調整区域,60.0,200.0,気賀,30分～60分,3.9,長方形,その他
浜松市浜名区,細江町気賀,34.802845,137.632553,exact,宅地(土地),2025Q3,2025年第3四半期,220.0,10.0,30000,6700000,住宅地,１種住居,60.0,200.0,気賀,21,3.4,ほぼ長方形,住宅
浜松市浜名区,細江町気賀,34.802845,137.632553,exact,宅地(土地),2025Q3,2025年第3四半期,370.0,4.2,13000,4700000,工業地,工業,60.0,200.0,気賀,24,11.6,長方形,
浜松市浜名区,西美薗,34.80135,137.795883,exact,宅地(土地),2025Q3,2025年第3四半期,290.0,16.0,48000,14000000,住宅地,調整区域,60.0,200.0,遠州小林,13,5.5,ほぼ長方形,
浜松市浜名区,西美薗,34.80135,137.795883,exact,宅地(土地),2025Q3,2025年第3四半期,300.0,13.0,40000,12000000,住宅地,１低住専,40.0,60.0,遠州小林,9,3.0,ほぼ正方形,住宅
浜松市浜名区,西美薗,34.80135,137.795883,exact,宅地(土地),2025Q3,2025年第3四半期,210.0,18.0,55000,12000000,住宅地,１低住専,40.0,60.0,美薗中央公園,16,2.9,ほぼ長方形,住宅
浜松市浜名区,西美薗,34.80135,137.795883,exact,宅地(土地),2025Q3,2025年第3四半期,210.0,24.0,73000,16000000,住宅地,１低住専,40.0,60.0,美薗中央公園,15,3.0,ほぼ長方形,
浜松市浜名区,豊保,34.826115,137.804184,exact,宅地(土地),2025Q3,2025年第3四半期,310.0,16.0,47000,15000000,住宅地,調整区域,60.0,200.0,遠州芝本,9,4.5,ほぼ台形,住宅
浜松市浜名区,貴布祢,34.795467,137.782883,exact,宅地(土地),2025Q3,2025年第3四半期,,21.0,64000,140000000,住宅地,１種住居,60.0,200.0,浜北,8,6.7,ほぼ整形,
浜松市浜名区,貴布祢,34.795467,137.782883,exact,宅地(土地),2025Q3,2025年第3四半期,210.0,30.0,89000,19000000,住宅地,２中住専,60.0,150.0,浜北,6,3.0,ほぼ長方形,住宅
浜松市浜名区,貴布祢,34.795467,137.782883,exact,宅地(土地),2025Q3,2025年第3四半期,310.0,16.0,48000,15000000,住宅地,１低住専,50.0,100.0,美薗中央公園,9,9.0,不整形,住宅
浜松市中央区,三和町,34.704651,137.76709,exact,宅地(土地),2025Q2,2025年第2四半期,220.0,22.0,67000,15000000,住宅地,１種住居,60.0,200.0,浜松,30分～60分,4.3,ほぼ長方形,住宅
浜松市中央区,三島町,34.688896,137.745956,exact,宅地(土地),2025Q2,2025年第2四半期,260.0,8.5,26000,6700000,住宅地,工業,60.0,200.0,浜松,30分～60分,5.1,袋地等,
浜松市中央区,三島町,34.688896,137.745956,exact,宅地(土地),2025Q2,2025年第2四半期,160.0,19.0,56000,8900000,住宅地,１種住居,60.0,200.0,浜松,28,2.4,ほぼ台形,住宅
浜松市中央区,三方原町,34.781647,137.711975,exact,宅地(土地),2025Q2,2025年第2四半期,165.0,3.0,9100,1500000,住宅地,調整区域,60.0,200.0,浜松,1H30～2H,4.0,長方形,
浜松市中央区,三組町,34.708858,137.719986,exact,宅地(土地),2025Q2,2025年第2四半期,200.0,46.0,140000,28000000,住宅地,２種住居,60.0,200.0,浜松,18,5.0,不整形,住宅
浜松市中央区,三組町,34.708858,137.719986,exact,宅地(土地),2025Q2,2025年第2四半期,320.0,21.0,65000,21000000,住宅地,１中住専,60.0,200.0,浜松,20,5.0,ほぼ長方形,その他
浜松市中央区,上西町,34.723351,137.758957,exact,宅地(土地),2025Q2,2025年第2四半期,480.0,35.0,110000,51000000,住宅地,工業,60.0,200.0,浜松,30分～60分,5.2,長方形,事務所
浜松市中央区,下石田町,34.7402,137.783447,exact,宅地(土地),2025Q2,2025年第2四半期,260.0,19.0,57000,15000000,住宅地,調整区域,60.0,200.0,浜松,1H30～2H,4.0,不整形,住宅
浜松市中央区,下石田町,34.7402,137.783447,exact,宅地(土地),2025Q2,2025年第2四半期,600.0,27.0,82000,49000000,住宅地,１種住居,60.0,200.0,浜松,1H30～2H,8.4,ほぼ長方形,住宅
浜松市中央区,中央,34.711075,137.73584,exact,宅地(土地),2025Q2,2025年第2四半期,65.0,95.0,290000,19000000,商業地,商業,80.0,400.0,浜松,11,25.0,長方形,その他
浜松市中央区,中島,34.705391,137.746933,exact,宅地(土地),2025Q2,2025年第2四半期,160.0,29.0,87000,14000000,住宅地,１種住居,60.0,200.0,浜松,19,5.4,長方形,住宅
浜松市中央区,中沢町,34.721622,137.728867,exact,宅地(土地),2025Q2,2025年第2四半期,160.0,26.0,78000,13000000,住宅地,２中住専,60.0,200.0,浜松,30分～60分,5.0,ほぼ長方形,住宅
浜松市中央区,中沢町,34.721622,137.728867,exact,宅地(土地),2025Q2,2025年第2四半期,185.0,46.0,140000,26000000,商業地,近隣商業,80.0,300.0,浜松,30分～60分,30.0,ほぼ長方形,事務所
浜松市中央区,中郡町,34.773895,137.77951,exact,宅地(土地),2025Q2,2025年第2四半期,190.0,13.0,40000,7500000,住宅地,調整区域,60.0,200.0,浜松,1H30～2H,4.1,ほぼ長方形,その他
浜松市中央区,中郡町,34.773895,137.77951,exact,宅地(土地),2025Q2,2025年第2四半期,230.0,12.0,37000,8500000,住宅地,調整区域,60.0,200.0,浜松,2H～,4.4,長方形,住宅
浜松市中央区,中郡町,34.773895,137.77951,exact,宅地(土地),2025Q2,2025年第2四半期,200.0,13.0,38000,7500000,住宅地,調整区域,60.0,200.0,浜松,2H～,8.0,ほぼ長方形,その他
浜松市中央区,中郡町,34.773895,137.77951,exact,宅地(土地),2025Q2,2025年第2四半期,200.0,5.7,17000,3500000,住宅地,調整区域,60.0,200.0,浜松,2H～,25.0,ほぼ長方形,
浜松市中央区,住吉,34.728344,137.724762,exact,宅地(土地),2025Q2,2025年第2四半期,340.0,22.0,68000,23000000,住宅地,２中住専,60.0,200.0,浜松,30分～60分,3.7,不整形,住宅
浜松市中央区,住吉,34.728344,137.724762,exact,宅地(土地),2025Q2,2025年第2四半期,150.0,37.0,110000,17000000,商業地,近隣商業,80.0,300.0,浜松,30分～60分,10.8,台形,その他
浜松市中央区,入野町,34.701485,137.682983,exact,宅地(土地),2025Q2,2025年第2四半期,150.0,36.0,110000,16000000,住宅地,１種住居,60.0,200.0,浜松,30分～60分,,ほぼ整形,住宅
浜松市中央区,入野町,34.701485,137.682983,exact,宅地(土地),2025Q2,2025年第2四半期,195.0,26.0,79000,15000000,住宅地,１中住専,60.0,200.0,浜松,1H～1H30,7.4,ほぼ長方形,住宅
浜松市中央区,入野町,34.701485,137.682983,exact,宅地(土地),2025Q2,2025年第2四半期,165.0,34.0,100000,17000000,住宅地,１中住専,60.0,200.0,浜松,1H～1H30,6.0,ほぼ長方形,住宅
浜松市中央区,八幡町,34.715309,137.735886,exact,宅地(土地),2025Q2,2025年第2四半期,410.0,60.0,180000,75000000,商業地,商業,80.0,500.0,浜松,14,6.0,不整形,住宅
浜松市中央区,初生町,34.764103,137.727509,exact,宅地(土地),2025Q2,2025年第2四半期,500.0,20.0,61000,30000000,住宅地,調整区域,60.0,200.0,浜松,1H30～2H,5.6,長方形,
浜松市中央区,初生町,34.764103,137.727509,exact,宅地(土地),2025Q2,2025年第2四半期,280.0,17.0,51000,14000000,住宅地,調整区域,60.0,200.0,浜松,1H30～2H,4.3,袋地等,その他
浜松市中央区,初生町,34.764103,137.727509,exact,宅地(土地),2025Q2,2025年第2四半期,270.0,11.0,34000,9000000,住宅地,調整区域,60.0,200.0,浜松,1H30～2H,4.0,不整形,その他
浜松市中央区,初生町,34.764103,137.727509,exact,宅地(土地),2025Q2,2025年第2四半期,400.0,30.0,90000,36000000,住宅地,調整区域,60.0,200.0,浜松,1H30～2H,7.2,長方形,
浜松市中央区,初生町,34.764103,137.727509,exact,宅地(土地),2025Q2,2025年第2四半期,290.0,19.0,58000,17000000,住宅地,調整区域,60.0,200.0,浜松,1H30～2H,5.6,不整形,住宅
浜松市中央区,初生町,34.764103,137.727509,exact,宅地(土地),2025Q2,2025年第2四半期,480.0,9.3,28000,14000000,住宅地,調整区域,60.0,200.0,浜松,1H30～2H,5.0,袋地等,
浜松市中央区,利町,34.706051,137.726013,exact,宅地(土地),2025Q2,2025年第2四半期,120.0,42.0,130000,15000000,住宅地,近隣商業,80.0,300.0,浜松,16,7.9,長方形,その他
浜松市中央区,北寺島町,34.703026,137.74295,exact,宅地(土地),2025Q2,2025年第2四半期,100.0,28.0,86000,8500000,住宅地,近隣商業,80.0,300.0,浜松,8,3.0,ほぼ長方形,住宅
浜松市中央区,十軒町,34.730904,137.745529,exact,宅地(土地),2025Q2,2025年第2四半期,250.0,31.0,95000,24000000,住宅地,１種住居,60.0,200.0,浜松,30分～60分,6.0,長方形,住宅
浜松市中央区,半田山,34.768318,137.743042,exact,宅地(土地),2025Q2,2025年第2四半期,195.0,34.0,100000,20000000,住宅地,１中住専,60.0,200.0,浜松,1H30～2H,6.0,長方形,住宅
浜松市中央区,半田山,34.768318,137.743042,exact,宅地(土地),2025Q2,2025年第2四半期,185.0,30.0,91000,17000000,住宅地,１中住専,60.0,200.0,浜松,1H30～2H,6.0,ほぼ長方形,住宅
浜松市中央区,原島町,34.729496,137.769043,exact,宅地(土地),2025Q2,2025年第2四半期,180.0,35.0,110000,19000000,住宅地,１種住居,60.0,200.0,浜松,30分～60分,6.0,長方形,その他
浜松市中央区,古人見町,34.723663,137.628952,exact,宅地(土地),2025Q2,2025年第2四半期,230.0,20.0,61000,14000000,住宅地,調整区域,60.0,200.0,浜松,2H～,6.0,長方形,住宅
浜松市中央区,向宿,34.707256,137.751694,exact,宅地(土地),2025Q2,2025年第2四半期,130.0,26.0,77000,10000000,商業地,近隣商業,80.0,200.0,浜松,19,9.6,ほぼ長方形,住宅
浜松市中央区,向宿,34.707256,137.751694,exact,宅地(土地),2025Q2,2025年第2四半期,130.0,25.0,76000,10000000,商業地,近隣商業,80.0,200.0,浜松,19,9.6,ほぼ長方形,住宅
浜松市中央区,和合北,34.736572,137.72084,exact,宅地(土地),2025Q2,2025年第2四半期,270.0,20.0,59000,16000000,住宅地,１中住専,60.0,200.0,浜松,1H～1H30,7.5,長方形,住宅
浜松市中央区,和合北,34.736572,137.72084,exact,宅地(土地),2025Q2,2025年第2四半期,670.0,27.0,81000,54000000,住宅地,１中住専,60.0,200.0,浜松,1H～1H30,4.0,長方形,住宅
浜松市中央区,坪井町,34.684757,137.647446,exact,宅地(土地),2025Q2,2025年第2四半期,560.0,12.0,36000,20000000,住宅地,１種住居,60.0,200.0,浜松,1H30～2H,4.0,ほぼ長方形,その他
浜松市中央区,城北,34.719688,137.723587,exact,宅地(土地),2025Q2,2025年第2四半期,125.0,30.0,90000,11000000,住宅地,２中住専,60.0,200.0,浜松,30分～60分,5.0,長方形,住宅
浜松市中央区,増楽町,34.690418,137.692596,exact,宅地(土地),2025Q2,2025年第2四半期,1200.0,9.2,28000,33000000,住宅地,調整区域,60.0,200.0,浜松,30分～60分,7.6,ほぼ長方形,住宅
浜松市中央区,大島町,34.761375,137.781281,exact,宅地(土地),2025Q2,2025年第2四半期,350.0,15.0,47000,16000000,住宅地,調整区域,60.0,200.0,浜松,1H30～2H,7.1,袋地等,住宅
浜松市中央区,大蒲町,34.714752,137.767471,exact,宅地(土地),2025Q2,2025年第2四半期,170.0,30.0,92000,16000000,住宅地,１種住居,60.0,200.0,浜松,30分～60分,6.0,不整形,住宅
浜松市中央区,大蒲町,34.714752,137.767471,exact,宅地(土地),2025Q2,2025年第2四半期,790.0,24.0,71000,57000000,住宅地,１種住居,60.0,200.0,浜松,30分～60分,6.1,ほぼ正方形,その他
浜松市中央区,大蒲町,34.714752,137.767471,exact,宅地(土地),2025Q2,2025年第2四半期,240.0,26.0,80000,19000000,宅地見込地,工業,60.0,200.0,浜松,30分～60分,5.8,ほぼ台形,住宅
浜松市中央区,安新町,34.728718,137.788284,exact,宅地(土地),2025Q2,2025年第2四半期,170.0,25.0,75000,13000000,住宅地,１種住居,60.0,200.0,浜松,1H～1H30,7.1,長方形,住宅
浜松市中央区,安松町,34.697422,137.770172,exact,宅地(土地),2025Q2,2025年第2四半期,165.0,12.0,37000,6100000,住宅地,２中住専,60.0,200.0,浜松,30分～60分,7.8,ほぼ長方形,住宅
浜松市中央区,宮竹町,34.719784,137.763123,exact,宅地(土地),2025Q2,2025年第2四半期,410.0,16.0,49000,20000000,商業地,１種住居,60.0,200.0,浜松,30分～60分,,台形,
浜松市中央区,富塚町,34.726589,137.700714,exact,宅地(土地),2025Q2,2025年第2四半期,140.0,1.1,3200,450000,住宅地,調整区域,60.0,200.0,浜松,1H～1H30,,不整形,その他
浜松市中央区,富塚町,34.726589,137.700714,exact,宅地(土地),2025Q2,2025年第2四半期,220.0,33.0,98000,22000000,住宅地,１低住専,50.0,80.0,浜松,30分～60分,4.0,ほぼ長方形,住宅
浜松市中央区,富塚町,34.726589,137.700714,exact,宅地(土地),2025Q2,2025年第2四半期,230.0,26.0,78000,18000000,住宅地,１低住専,50.0,80.0,浜松,1H～1H30,8.0,長方形,住宅
浜松市中央区,富塚町,34.726589,137.700714,exact,宅地(土地),2025Q2,2025年第2四半期,250.0,36.0,110000,27000000,住宅地,１低住専,50.0,80.0,浜松,1H～1H30,6.0,長方形,住宅
浜松市中央区,富塚町,34.726589,137.700714,exact,宅地(土地),2025Q2,2025年第2四半期,185.0,29.0,87000,16000000,住宅地,１低住専,,,浜松,30分～60分,6.0,ほぼ正方形,住宅
浜松市中央区,寺島町,34.698948,137.738113,exact,宅地(土地),2025Q2,2025年第2四半期,70.0,43.0,130000,9400000,商業地,近隣商業,80.0,300.0,浜松,8,8.0,長方形,その他
浜松市中央区,寺脇町,34.678551,137.748581,exact,宅地(土地),2025Q2,2025年第2四半期,230.0,11.0,35000,8000000,住宅地,調整区域,60.0,200.0,浜松,30分～60分,5.3,不整形,住宅
浜松市中央区,小池町,34.747826,137.758209,exact,宅地(土地),2025Q2,2025年第2四半期,200.0,22.0,67000,14000000,住宅地,１種住居,60.0,200.0,浜松,1H～1H30,5.4,台形,倉庫
浜松市中央区,小池町,34.747826,137.758209,exact,宅地(土地),2025Q2,2025年第2四半期,270.0,9.9,30000,8000000,住宅地,調整区域,60.0,200.0,浜松,1H～1H30,6.0,長方形,住宅
浜松市中央区,小豆餅,34.753941,137.724457,exact,宅地(土地),2025Q2,2025年第2四半期,100.0,15.0,45000,4500000,住宅地,準工業,60.0,200.0,浜松,1H～1H30,3.0,ほぼ正方形,その他
浜松市中央区,山手町,34.708199,137.705322,exact,宅地(土地),2025Q2,2025年第2四半期,240.0,60.0,180000,44000000,住宅地,１中住専,60.0,200.0,浜松,30分～60分,6.0,長方形,
浜松市中央区,市野町,34.748096,137.77211,exact,宅地(土地),2025Q2,2025年第2四半期,300.0,9.1,27000,8200000,住宅地,調整区域,60.0,200.0,浜松,1H30～2H,5.2,不整形,
浜松市中央区,布橋,34.719868,137.720322,exact,宅地(土地),2025Q2,2025年第2四半期,320.0,57.0,170000,55000000,住宅地,１種住居,60.0,200.0,浜松,30分～60分,5.4,ほぼ長方形,住宅
浜松市中央区,幸,34.739864,137.725037,exact,宅地(土地),2025Q2,2025年第2四半期,540.0,24.0,73000,39000000,住宅地,１低住専,40.0,60.0,浜松,1H～1H30,6.0,ほぼ台形,住宅
浜松市中央区,広沢,34.715424,137.717972,exact,宅地(土地),2025Q2,2025年第2四半期,270.0,60.0,180000,48000000,住宅地,１中住専,60.0,200.0,浜松,30分～60分,16.0,長方形,住宅
浜松市中央区,広沢,34.715424,137.717972,exact,宅地(土地),2025Q2,2025年第2四半期,390.0,42.0,130000,49000000,住宅地,１種住居,60.0,200.0,浜松,29,12.4,長方形,倉庫
浜松市中央区,志都呂町,34.702263,137.653748,exact,宅地(土地),2025Q2,2025年第2四半期,170.0,36.0,110000,19000000,住宅地,１中住専,60.0,200.0,浜松,1H30～2H,5.2,ほぼ長方形,住宅
浜松市中央区,文丘町,34.726376,137.714798,exact,宅地(土地),2025Q2,2025年第2四半期,165.0,31.0,94000,15000000,住宅地,１中住専,60.0,200.0,浜松,30分～60分,6.0,長方形,住宅
浜松市中央区,早出町,34.733162,137.749298,exact,宅地(土地),2025Q2,2025年第2四半期,170.0,43.0,130000,22000000,住宅地,１種住居,60.0,200.0,浜松,30分～60分,4.0,正方形,住宅
浜松市中央区,曳馬,34.72805,137.738464,exact,宅地(土地),2025Q2,2025年第2四半期,150.0,49.0,150000,22000000,住宅地,１種住居,60.0,200.0,浜松,30分～60分,4.8,長方形,住宅
浜松市中央区,曳馬,34.72805,137.738464,exact,宅地(土地),2025Q2,2025年第2四半期,340.0,41.0,120000,43000000,商業地,１種住居,60.0,200.0,浜松,30分～60分,6.6,長方形,住宅
浜松市中央区,曳馬,34.72805,137.738464,exact,宅地(土地),2025Q2,2025年第2四半期,410.0,45.0,140000,57000000,商業地,１種住居,60.0,200.0,浜松,30分～60分,7.2,長方形,
浜松市中央区,有玉北町,34.767532,137.753937,exact,宅地(土地),2025Q2,2025年第2四半期,330.0,19.0,57000,19000000,住宅地,調整区域,60.0,200.0,浜松,1H30～2H,4.8,不整形,住宅
浜松市中央区,有玉北町,34.767532,137.753937,exact,宅地(土地),2025Q2,2025年第2四半期,410.0,20.0,61000,25000000,住宅地,調整区域,60.0,200.0,浜松,1H30～2H,4.2,ほぼ台形,住宅
浜松市中央区,有玉南町,34.752777,137.749146,exact,宅地(土地),2025Q2,2025年第2四半期,200.0,4.0,12000,2400000,住宅地,調整区域,60.0,200.0,浜松,1H～1H30,8.6,ほぼ長方形,
浜松市中央区,本郷町,34.697372,137.762314,exact,宅地(土地),2025Q2,2025年第2四半期,290.0,25.0,77000,22000000,住宅地,２中住専,60.0,200.0,浜松,30分～60分,8.0,長方形,住宅
浜松市中央区,本郷町,34.697372,137.762314,exact,宅地(土地),2025Q2,2025年第2四半期,260.0,16.0,50000,13000000,住宅地,２中住専,60.0,200.0,浜松,30分～60分,8.0,ほぼ長方形,住宅
浜松市中央区,村櫛町,34.734631,137.59465,exact,宅地(土地),2025Q2,2025年第2四半期,280.0,6.9,21000,5800000,住宅地,１種住居,60.0,200.0,浜松,2H～,6.9,ほぼ長方形,住宅
浜松市中央区,村櫛町,34.734631,137.59465,exact,宅地(土地),2025Q2,2025年第2四半期,290.0,9.6,29000,8500000,住宅地,１種住居,60.0,200.0,浜松,2H～,5.3,不整形,住宅
浜松市中央区,東三方町,34.77961,137.73024,exact,宅地(土地),2025Q2,2025年第2四半期,,8.8,27000,220000000,工業地,調整区域,60.0,200.0,浜松,2H～,8.0,不整形,
浜松市中央区,東町,34.679958,137.782974,exact,宅地(土地),2025Q2,2025年第2四半期,330.0,15.0,45000,15000000,住宅地,調整区域,60.0,200.0,浜松,1H～1H30,3.8,長方形,住宅
浜松市中央区,松城町,34.711269,137.723373,exact,宅地(土地),2025Q2,2025年第2四半期,90.0,18.0,55000,5000000,住宅地,２種住居,60.0,200.0,浜松,20,4.0,不整形,住宅
浜松市中央区,根洗町,34.79678,137.704224,exact,宅地(土地),2025Q2,2025年第2四半期,910.0,12.0,36000,33000000,住宅地,調整区域,60.0,200.0,浜松,2H～,9.0,不整形,住宅
浜松市中央区,楊子町,34.693932,137.746124,exact,宅地(土地),2025Q2,2025年第2四半期,165.0,29.0,87000,15000000,住宅地,１種住居,60.0,200.0,浜松,25,5.3,ほぼ台形,住宅
浜松市中央区,泉,34.739109,137.721542,exact,宅地(土地),2025Q2,2025年第2四半期,135.0,25.0,75000,10000000,住宅地,１中住専,60.0,200.0,浜松,1H～1H30,4.0,ほぼ正方形,
浜松市中央区,流通元町,34.744507,137.789444,exact,宅地(土地),2025Q2,2025年第2四半期,390.0,27.0,82000,32000000,工業地,準工業,60.0,200.0,浜松,1H30～2H,6.3,ほぼ台形,
浜松市中央区,浅田町,34.694942,137.733429,exact,宅地(土地),2025Q2,2025年第2四半期,160.0,25.0,77000,12000000,住宅地,１種住居,60.0,200.0,浜松,15,3.8,ほぼ長方形,住宅
浜松市中央区,湖東町,34.759209,137.674332,exact,宅地(土地),2025Q2,2025年第2四半期,,0.18,550,1200000,住宅地,調整区域,60.0,200.0,浜松,2H～,6.0,不整形,その他
浜松市中央区,田町,34.708363,137.730972,exact,宅地(土地),2025Q2,2025年第2四半期,210.0,96.0,290000,60000000,商業地,商業,80.0,600.0,浜松,8,6.0,長方形,その他
浜松市中央区,田町,34.708363,137.730972,exact,宅地(土地),2025Q2,2025年第2四半期,300.0,55.0,170000,50000000,商業地,商業,80.0,600.0,浜松,11,25.0,長方形,その他
浜松市中央区,砂山町,34.7019,137.734604,exact,宅地(土地),2025Q2,2025年第2四半期,105.0,35.0,110000,11000000,商業地,商業,80.0,500.0,浜松,4,20.4,長方形,住宅
浜松市中央区,砂山町,34.7019,137.734604,exact,宅地(土地),2025Q2,2025年第2四半期,125.0,67.0,200000,26000000,商業地,商業,80.0,500.0,浜松,4,5.9,台形,その他
浜松市中央区,神ケ谷町,34.723148,137.678253,exact,宅地(土地),2025Q2,2025年第2四半期,700.0,1.4,4300,3000000,住宅地,調整区域,60.0,200.0,浜松,1H30～2H,10.6,不整形,
浜松市中央区,神田町,34.686474,137.721649,exact,宅地(土地),2025Q2,2025年第2四半期,,9.5,29000,60000000,住宅地,調整区域,60.0,200.0,浜松,30分～60分,4.2,ほぼ長方形,その他
浜松市中央区,笠井新田町,34.76334,137.788437,exact,宅地(土地),2025Q2,2025年第2四半期,230.0,22.0,67000,15000000,住宅地,調整区域,60.0,200.0,浜松,2H～,4.5,ほぼ台形,住宅
浜松市中央区,笠井新田町,34.76334,137.788437,exact,宅地(土地),2025Q2,2025年第2四半期,1300.0,7.3,22000,28000000,住宅地,調整区域,60.0,200.0,浜松,2H～,5.5,ほぼ台形,
浜松市中央区,笠井町,34.768265,137.795425,exact,宅地(土地),2025Q2,2025年第2四半期,260.0,10.0,30000,8000000,商業地,近隣商業,80.0,300.0,浜松,2H～,8.6,不整形,その他
浜松市中央区,笠井町,34.768265,137.795425,exact,宅地(土地),2025Q2,2025年第2四半期,300.0,17.0,52000,16000000,商業地,近隣商業,80.0,300.0,浜松,2H～,8.7,台形,住宅
浜松市中央区,笠井町,34.768265,137.795425,exact,宅地(土地),2025Q2,2025年第2四半期,165.0,27.0,82000,14000000,住宅地,１種住居,60.0,200.0,浜松,2H～,5.0,ほぼ長方形,住宅
浜松市中央区,篠原町,34.68391,137.6642,exact,宅地(土地),2025Q2,2025年第2四半期,210.0,20.0,62000,13000000,住宅地,工業,60.0,200.0,浜松,1H～1H30,4.2,長方形,住宅
浜松市中央区,篠原町,34.68391,137.6642,exact,宅地(土地),2025Q2,2025年第2四半期,440.0,12.0,38000,17000000,住宅地,１種住居,60.0,200.0,浜松,1H30～2H,5.9,長方形,住宅
浜松市中央区,篠原町,34.68391,137.6642,exact,宅地(土地),2025Q2,2025年第2四半期,800.0,11.0,32000,26000000,住宅地,１種住居,60.0,200.0,浜松,1H30～2H,3.1,ほぼ正方形,住宅
浜松市中央区,細島町,34.722733,137.749985,exact,宅地(土地),2025Q2,2025年第2四半期,45.0,21.0,63000,3000000,住宅地,１種住居,60.0,200.0,浜松,30分～60分,4.9,長方形,その他
浜松市中央区,舞阪町舞阪,34.687244,137.615387,exact,宅地(土地),2025Q2,2025年第2四半期,550.0,7.2,22000,12000000,住宅地,２種住居,60.0,200.0,浜松,2H～,6.0,ほぼ長方形,住宅
浜松市中央区,芳川町,34.688332,137.765656,exact,宅地(土地),2025Q2,2025年第2四半期,190.0,24.0,71000,13000000,住宅地,１種住居,60.0,200.0,浜松,30分～60分,5.0,ほぼ正方形,その他
浜松市中央区,葵西,34.765339,137.714066,exact,宅地(土地),2025Q2,2025年第2四半期,115.0,22.0,67000,7700000,商業地,２種住居,60.0,200.0,浜松,1H30～2H,12.4,ほぼ長方形,
浜松市中央区,葵西,34.765339,137.714066,exact,宅地(土地),2025Q2,2025年第2四半期,165.0,31.0,93000,15000000,住宅地,１種住居,60.0,200.0,浜松,1H30～2H,3.6,長方形,住宅
浜松市中央区,葵西,34.765339,137.714066,exact,宅地(土地),2025Q2,2025年第2四半期,165.0,32.0,97000,16000000,住宅地,１種住居,60.0,200.0,浜松,1H30～2H,4.0,ほぼ長方形,住宅
浜松市中央区,蜆塚,34.712185,137.71283,exact,宅地(土地),2025Q2,2025年第2四半期,115.0,56.0,170000,20000000,住宅地,１中住専,60.0,200.0,浜松,30分～60分,6.0,ほぼ長方形,住宅
浜松市中央区,西ケ崎町,34.77565,137.765549,exact,宅地(土地),2025Q2,2025年第2四半期,195.0,22.0,67000,13000000,住宅地,調整区域,60.0,200.0,浜松,1H30～2H,2.8,長方形,その他
浜松市中央区,西ケ崎町,34.77565,137.765549,exact,宅地(土地),2025Q2,2025年第2四半期,500.0,9.3,28000,14000000,住宅地,調整区域,60.0,200.0,浜松,2H～,7.6,ほぼ正方形,住宅
浜松市中央区,西伊場町,34.700233,137.704849,exact,宅地(土地),2025Q2,2025年第2四半期,520.0,27.0,82000,43000000,住宅地,１種住居,60.0,200.0,浜松,30分～60分,6.0,長方形,住宅
浜松市中央区,西島町,34.669273,137.767029,exact,宅地(土地),2025Q2,2025年第2四半期,190.0,0.19,590,110000,宅地見込地,調整区域,60.0,200.0,浜松,1H～1H30,4.5,長方形,
浜松市中央区,豊町,34.775253,137.810959,exact,宅地(土地),2025Q2,2025年第2四半期,260.0,11.0,32000,8400000,住宅地,調整区域,60.0,200.0,浜松,2H～,5.3,ほぼ長方形,住宅
浜松市中央区,雄踏町宇布見,34.702011,137.630325,exact,宅地(土地),2025Q2,2025年第2四半期,190.0,25.0,74000,14000000,住宅地,２中住専,60.0,200.0,浜松,1H30～2H,4.0,長方形,住宅
浜松市中央区,高丘東,34.755383,137.706955,exact,宅地(土地),2025Q2,2025年第2四半期,210.0,31.0,93000,20000000,住宅地,工業,60.0,200.0,浜松,1H30～2H,6.0,長方形,住宅
浜松市中央区,高丘東,34.755383,137.706955,exact,宅地(土地),2025Q2,2025年第2四半期,220.0,40.0,120000,27000000,住宅地,１種住居,60.0,200.0,浜松,1H30～2H,12.0,ほぼ長方形,住宅
浜松市中央区,高丘東,34.755383,137.706955,exact,宅地(土地),2025Q2,2025年第2四半期,470.0,22.0,68000,32000000,工業地,工業,60.0,200.0,浜松,1H30～2H,7.5,不整形,その他
浜松市中央区,高丘西,34.756447,137.702484,exact,宅地(土地),2025Q2,2025年第2四半期,430.0,30.0,92000,40000000,住宅地,１種住居,60.0,200.0,浜松,1H30～2H,6.0,長方形,住宅
浜松市中央区,鴨江,34.702599,137.720932,exact,宅地(土地),2025Q2,2025年第2四半期,90.0,31.0,93000,8400000,住宅地,近隣商業,80.0,300.0,浜松,16,5.8,長方形,その他
浜松市中央区,鴨江,34.702599,137.720932,exact,宅地(土地),2025Q2,2025年第2四半期,155.0,36.0,110000,17000000,住宅地,１中住専,60.0,200.0,浜松,26,2.5,ほぼ長方形,住宅
浜松市中央区,鴨江,34.702599,137.720932,exact,宅地(土地),2025Q2,2025年第2四半期,80.0,12.0,38000,3000000,住宅地,近隣商業,80.0,300.0,浜松,24,2.5,ほぼ正方形,その他
浜松市中央区,鴨江,34.702599,137.720932,exact,宅地(土地),2025Q2,2025年第2四半期,1200.0,39.0,120000,140000000,住宅地,１中住専,60.0,200.0,浜松,20,2.8,ほぼ長方形,その他
浜松市中央区,鴨江,34.702599,137.720932,exact,宅地(土地),2025Q2,2025年第2四半期,220.0,39.0,120000,26000000,商業地,２中住専,60.0,200.0,浜松,20,16.0,ほぼ長方形,その他
浜松市中央区,龍禅寺町,34.696106,137.740295,exact,宅地(土地),2025Q2,2025年第2四半期,130.0,31.0,95000,12000000,住宅地,２種住居,60.0,200.0,浜松,19,6.0,長方形,住宅
浜松市天竜区,二俣町鹿島,34.852627,137.80632,exact,宅地(土地),2025Q2,2025年第2四半期,210.0,22.0,67000,14000000,住宅地,２種住居,60.0,200.0,西鹿島,4,5.3,長方形,住宅
浜松市天竜区,佐久間町大井,35.086178,137.865326,exact,宅地(土地),2025Q2,2025年第2四半期,180.0,0.76,2300,410000,住宅地,都計外,,,佐久間,1H～1H30,3.4,不整形,その他
浜松市天竜区,船明,34.890594,137.819458,exact,宅地(土地),2025Q2,2025年第2四半期,640.0,5.0,15000,9700000,住宅地,２中住専,60.0,150.0,天竜二俣,30分～60分,10.5,不整形,
浜松市天竜区,船明,34.890594,137.819458,exact,宅地(土地),2025Q2,2025年第2四半期,200.0,6.3,19000,3900000,住宅地,準工業,60.0,200.0,天竜二俣,30分～60分,8.0,ほぼ長方形,住宅
浜松市浜名区,三ヶ日町三ヶ日,34.80666,137.548767,exact,宅地(土地),2025Q2,2025年第2四半期,60.0,11.0,32000,2000000,商業地,近隣商業,80.0,200.0,三ケ日,1,9.2,袋地等,倉庫
浜松市浜名区,三ヶ日町駒場,34.800201,137.581482,exact,宅地(土地),2025Q2,2025年第2四半期,110.0,0.33,1000,110000,住宅地,調整区域,60.0,200.0,都筑,15,,ほぼ正方形,その他
浜松市浜名区,中瀬,34.828583,137.816498,exact,宅地(土地),2025Q2,2025年第2四半期,280.0,7.0,21000,5900000,住宅地,調整区域,60.0,200.0,遠州岩水寺,23,5.0,不整形,住宅
浜松市浜名区,中瀬,34.828583,137.816498,exact,宅地(土地),2025Q2,2025年第2四半期,160.0,26.0,77000,12000000,住宅地,１中住専,60.0,150.0,遠州小林,16,5.0,ほぼ正方形,住宅
浜松市浜名区,中瀬,34.828583,137.816498,exact,宅地(土地),2025Q2,2025年第2四半期,160.0,27.0,81000,13000000,住宅地,１中住専,60.0,150.0,遠州小林,16,5.0,正方形,
浜松市浜名区,中瀬,34.828583,137.816498,exact,宅地(土地),2025Q2,2025年第2四半期,210.0,5.4,16000,3500000,住宅地,調整区域,60.0,200.0,遠州芝本,29,4.0,袋地等,倉庫
浜松市浜名区,内野台,34.78355,137.749466,exact,宅地(土地),2025Q2,2025年第2四半期,210.0,23.0,71000,15000000,住宅地,１低住専,50.0,80.0,遠州小松,30分～60分,6.5,ほぼ長方形,住宅
浜松市浜名区,内野台,34.78355,137.749466,exact,宅地(土地),2025Q2,2025年第2四半期,170.0,25.0,76000,13000000,住宅地,１低住専,50.0,80.0,遠州小松,30分～60分,4.5,ほぼ長方形,
浜松市浜名区,善地,34.789577,137.807861,exact,宅地(土地),2025Q2,2025年第2四半期,280.0,11.0,35000,9800000,住宅地,調整区域,60.0,200.0,美薗中央公園,25,3.2,ほぼ長方形,
浜松市浜名区,寺島,34.781776,137.79364,exact,宅地(土地),2025Q2,2025年第2四半期,410.0,9.7,29000,12000000,住宅地,調整区域,60.0,200.0,遠州小松,14,16.0,ほぼ長方形,
浜松市浜名区,寺島,34.781776,137.79364,exact,宅地(土地),2025Q2,2025年第2四半期,320.0,17.0,50000,16000000,住宅地,調整区域,60.0,200.0,浜北,21,5.0,ほぼ長方形,住宅
浜松市浜名区,寺島,34.781776,137.79364,exact,宅地(土地),2025Q2,2025年第2四半期,290.0,18.0,55000,16000000,住宅地,調整区域,60.0,200.0,浜北,21,5.0,ほぼ長方形,住宅
浜松市浜名区,小松,34.788467,137.772018,exact,宅地(土地),2025Q2,2025年第2四半期,210.0,22.0,67000,14000000,住宅地,調整区域,60.0,200.0,遠州小松,16,4.0,不整形,
浜松市浜名区,小林,34.804749,137.78569,exact,宅地(土地),2025Q2,2025年第2四半期,125.0,18.0,55000,7000000,住宅地,１種住居,60.0,200.0,遠州小林,5,6.0,長方形,住宅
浜松市浜名区,引佐町狩宿,34.863583,137.607758,exact,宅地(土地),2025Q2,2025年第2四半期,300.0,0.26,800,240000,宅地見込地,都計外,,,気賀,2H～,2.5,不整形,
浜松市浜名区,引佐町金指,34.823235,137.680649,exact,宅地(土地),2025Q2,2025年第2四半期,280.0,12.0,36000,10000000,住宅地,１低住専,50.0,80.0,金指,10,4.2,長方形,住宅
浜松市浜名区,於呂,34.836628,137.798691,exact,宅地(土地),2025Q2,2025年第2四半期,240.0,18.0,53000,13000000,住宅地,調整区域,60.0,200.0,西鹿島,21,4.0,ほぼ台形,住宅
浜松市浜名区,本沢合,34.81216,137.799057,exact,宅地(土地),2025Q2,2025年第2四半期,195.0,22.0,66000,13000000,住宅地,１種住居,60.0,200.0,遠州小林,2,4.2,不整形,
浜松市浜名区,東美薗,34.796207,137.803513,exact,宅地(土地),2025Q2,2025年第2四半期,330.0,8.9,27000,8800000,住宅地,調整区域,60.0,200.0,遠州小林,19,5.0,ほぼ長方形,住宅
浜松市浜名区,横須賀,34.788834,137.787369,exact,宅地(土地),2025Q2,2025年第2四半期,710.0,21.0,63000,45000000,住宅地,１種住居,60.0,200.0,浜北,10,5.0,ほぼ整形,住宅
浜松市浜名区,永島,34.807632,137.815903,exact,宅地(土地),2025Q2,2025年第2四半期,350.0,9.1,27000,9500000,住宅地,調整区域,60.0,200.0,遠州小林,20,5.3,ほぼ長方形,
浜松市浜名区,細江町中川,34.806942,137.678391,exact,宅地(土地),2025Q2,2025年第2四半期,230.0,18.0,56000,13000000,住宅地,１中住専,60.0,100.0,金指,21,7.0,長方形,住宅
浜松市浜名区,細江町気賀,34.802845,137.632553,exact,宅地(土地),2025Q2,2025年第2四半期,470.0,6.2,19000,8900000,住宅地,調整区域,60.0,200.0,気賀,25,4.0,ほぼ長方形,
浜松市浜名区,細江町気賀,34.802845,137.632553,exact,宅地(土地),2025Q2,2025年第2四半期,110.0,14.0,42000,4600000,商業地,近隣商業,80.0,200.0,気賀,4,8.8,ほぼ整形,その他
浜松市浜名区,西美薗,34.80135,137.795883,exact,宅地(土地),2025Q2,2025年第2四半期,820.0,18.0,54000,44000000,住宅地,１低住専,40.0,60.0,美薗中央公園,13,4.0,袋地等,住宅
