No,物件種目,住所,登録価格（万円）,成約価格（万円）,交通,土地権利,建ぺい率,用途地域,坪単価（万円）,容積率,土地面積（㎡）,土地面積（坪）,公開日,成約日,私道面積,私道持分,条件,latitude,longitude
445,売地,掛川市薗ケ谷,980.0,800.0,バス停,所有権,60,工業地域,6.5,200,507.0,151,2024/1/23,2024/3/18,-,-,現況渡し,34.7839026,138.0419154
479,売地,掛川市横須賀295,750.0,750.0,東海道本線/バス停,所有権,60,１種住居,6.1,200,413.19,123,2024/4/23,2024/6/20,-,-,現況渡し,34.6833689,137.9751209
473,売地,掛川市沖之須,260.0,235.0,東海道本線,所有権,60,無指定,4.1,200,214.31,64,2024/7/28,-,-,-,現況渡し,34.6669849,137.9836915
438,売地,掛川市下垂木1423,590.0,590.0,東海道本線,所有権,60,無指定,10.0,200,197.35,59,2023/3/25,2023/5/13,-,-,現況渡し,34.7876715,137.9857685
439,売地,掛川市下垂木1785-3,700.0,700.0,天竜浜名湖鉄道,所有権,50,１種低層,7.3,80,320.0,95,2023/8/26,2023/11/9,-,-,現況渡し,34.7856951,137.9841497
441,売地,掛川市下垂木２２９３－５,1060.0,1060.0,天竜浜名湖鉄道,所有権,60,１種住居,18.7,200,190.16,57,2024/4/17,2024/6/4,-,-,現況渡し,34.7876715,137.9857685
440,売地,掛川市下垂木2297-3,780.0,780.0,天竜浜名湖鉄道,所有権,60,１種住居,12.1,200,215.57,64,2023/9/6,2023/9/29,-,-,更地渡し,34.7876715,137.9857685
442,売地,掛川市下垂木578-41,48.0,1000.0,東海道本線,所有権,60,無指定,0.7,200,227.69,68,2023/8/18,2023/9/17,-,-,現況渡し,34.7935159,137.9906466
476,売地,掛川市下土方,500.0,450.0,バス停,所有権,60,無指定,4.9,200,342.0,102,2023/10/27,2023/12/23,-,-,相談,34.6965902,138.0431549
443,売地,掛川市下俣1021,1500.0,1500.0,東海道本線/バス停,所有権,60,-,19.4,150,259.75,77,2023/10/26,2023/12/15,-,-,更地渡し,34.7729219,138.0015381
421,売地,掛川市家代,650.0,225.0,バス停,所有権,60,無指定,7.3,200,297.52,89,2023/10/25,2023/12/8,-,-,相談,34.7971481,137.9787391
469,売地,掛川市家代の里３丁目19,1470.0,1470.0,天竜浜名湖鉄道,所有権,50,１種低層,20.3,80,243.06,72,2023/11/28,2023/12/9,-,-,更地渡し,34.7896687,137.9731683
425,売地,掛川市各和,1250.0,1000.0,天竜浜名湖鉄道,所有権,60,無指定,5.0,200,835.97,249,2024/8/11,2024/10/17,-,-,相談,34.7751117,137.9589345
436,売地,掛川市逆川,400.0,370.0,バス停,所有権,60,無指定,7.8,200,173.0,52,2023/6/14,2023/7/22,-,-,相談,34.7801937,138.0493528
437,売地,掛川市逆川,500.0,500.0,バス停,所有権,60,無指定,6.4,200,264.0,79,2023/6/14,2023/7/16,-,-,相談,34.7801937,138.0493528
460,売地,掛川市宮脇1059-2,1263.0,1263.0,東海道本線,所有権,30,１種低層,14.8,50,287.34,86,2024/2/26,2024/5/6,-,-,更地渡し,34.7847219,138.0322061
458,売地,掛川市宮脇282-2,962.0,962.0,東海道本線,所有権,60,-,15.5,150,208.45,62,2024/3/1,2024/4/11,-,-,建築条件付,34.7785196,138.0252792
461,売地,掛川市宮脇492-5,3500.0,2000.0,東海道本線,所有権,60,-,11.8,150,998.55,297,2024/3/27,2024/4/4,-,-,現況渡し,34.7830731,138.0309054
457,売地,掛川市宮脇492-5１号地,900.0,900.0,東海道本線,所有権,60,-,14.5,150,208.21,62,2024/12/21,2025/1/23,-,-,更地渡し,34.7830731,138.0309054
459,売地,掛川市宮脇字五輪田宮脇1号地,990.0,940.0,東海道本線/バス停,所有権,60,１種住居,13.2,200,251.37,75,2023/5/23,2023/7/29,-,-,建築条件付,34.7842856,138.0320005
435,売地,掛川市五明,1200.0,1180.0,バス停/バス停,所有権,60,無指定,8.9,200,451.0,134,2023/10/21,2023/11/18,-,-,相談,34.8055116,137.9985512
434,売地,掛川市高御所,1950.0,1900.0,東海道本線,所有権,60,１種住居,15.3,200,429.0,128,2023/7/11,2023/7/24,-,-,相談,34.7574069,137.9898825
433,売地,掛川市高御所,550.0,500.0,バス停,所有権,60,工業地域,7.5,200,245.23,73,2025/1/24,2025/2/15,-,-,相談,34.7574069,137.9898825
477,売地,掛川市高瀬1229-71229-7,200.0,200.0,ＪＲ東海道新幹線/バス停/バス停,所有権,60,無指定,3.1,200,214.94,64,2024/11/5,2024/11/6,-,-,現況渡し,34.7285394,138.0431549
453,売地,掛川市細谷,800.0,600.0,天竜浜名湖鉄道,所有権,60,無指定,3.2,200,831.29,248,2023/8/9,2023/8/27,-,-,相談,34.7908743,137.9638849
450,売地,掛川市七日町,1170.0,1100.0,東海道本線,所有権,50,-,18.3,80,214.99,64,2023/4/10,2023/4/28,-,-,現況渡し,34.7794201,138.002886
444,売地,掛川市十九首,2573.0,2100.0,バス停,所有権,80,近隣商業,20.3,200,425.31,127,2024/9/20,2024/11/29,-,-,相談,34.7740357,138.0039698
429,売地,掛川市上西郷,980.0,940.0,バス停,所有権,60,無指定,15.4,200,213.51,64,2023/4/24,2023/7/1,-,-,更地渡し,34.7923626,138.0127594
430,売地,掛川市上西郷,1000.0,980.0,バス停,所有権,60,無指定,9.0,200,373.17,111,2024/11/25,2025/2/22,-,-,現況渡し,34.7923626,138.0127594
431,売地,掛川市上西郷,1080.0,980.0,バス停,所有権,60,無指定,6.6,200,551.43,164,2024/12/26,2025/3/9,-,-,相談,34.7923626,138.0127594
427,売地,掛川市上西郷,600.0,600.0,バス停/バス停,所有権,60,無指定,5.7,200,354.0,105,2023/5/10,2023/5/15,-,-,相談,34.7923626,138.0127594
432,売地,掛川市上西郷,78.0,78.0,バス停,所有権,60,無指定,0.3,200,949.22,283,2023/9/14,2023/10/10,-,-,相談,34.7923626,138.0127594
428,売地,掛川市上西郷2097-7,945.0,945.0,東海道本線,所有権,60,無指定,12.0,200,264.32,79,2024/11/9,2024/11/9,-,-,更地渡し,34.7923626,138.0127594
426,売地,掛川市上西郷2165-2,537.0,537.0,東海道本線,所有権,60,-,10.1,200,177.83,53,2024/8/3,2024/8/3,-,-,現況渡し,34.8007433,138.0125391
420,売地,掛川市上張829-7.839-2,900.0,900.0,東海道本線,所有権,60,無指定,9.0,200,337.0,100,2024/10/12,2024/11/1,-,-,現況渡し,34.7598001,138.0230915
474,売地,掛川市上土方430-8,550.0,550.0,東海道本線,所有権,60,-,6.2,200,300.0,89,2025/2/23,2025/3/30,-,-,更地渡し,34.7060941,138.0397657
475,売地,掛川市上土方落合1240-1の一部,556.0,556.0,バス停/バス停/バス停,所有権,60,無指定,5.2,200,360.0,107,2024/3/11,2024/5/3,-,-,現況渡し,34.7191828,138.034479
467,売地,掛川市城西１丁目8-25,1198.0,1098.0,東海道本線/バス停,所有権,60,２種中高,20.0,150,201.42,60,2024/8/14,2024/9/15,-,-,現況渡し,34.7752483,138.010076
468,売地,掛川市城西２丁目685-5,1310.0,1200.0,東海道本線,所有権,60,-,19.7,200,223.0,66,2025/1/21,2025/2/1,-,-,更地渡し,34.7764281,138.0066019
463,売地,掛川市城北２丁目,980.0,980.0,バス停,所有権,50,１種低層,14.6,80,224.93,67,2024/8/13,2024/9/7,-,-,更地渡し,34.778031,138.0056729
464,売地,掛川市城北２丁目9番2号,1450.0,1450.0,東海道本線,所有権,50,１種低層,18.9,80,257.73,77,2024/6/27,2024/7/1,-,-,更地渡し,34.7777301,138.0057406
452,売地,掛川市仁藤117-22号地,1330.0,1330.0,東海道本線,所有権,60,-,21.0,150,212.92,63,2024/7/19,2024/7/28,-,-,現況渡し,34.7740141,138.0206977
456,売地,掛川市水垂331-4,1090.0,1090.0,東海道本線,所有権,30,１種住居,7.9,50,461.0,137,2023/9/16,2023/9/30,-,-,現況渡し,34.7859026,138.0196094
451,売地,掛川市成滝576,1750.0,1750.0,ＪＲ東海道新幹線/バス停,所有権,60,１種住居,11.4,200,517.0,154,2023/8/5,2023/10/5,-,-,更地渡し,34.7784893,138.034479
478,売地,掛川市西大渕,350.0,320.0,バス停,所有権,60,２種住居,3.9,200,301.0,90,2024/9/7,2024/9/19,-,-,相談,34.6756257,137.9823679
466,売地,掛川市青葉台,1350.0,1350.0,ＪＲ東海道新幹線,所有権,60,１種住居,18.0,200,251.57,75,2024/2/2,2024/4/16,-,-,現況渡し,34.7725753,138.0326201
465,売地,掛川市青葉台,970.0,900.0,ＪＲ東海道新幹線,所有権,60,-,14.9,150,218.4,65,2024/11/11,2024/12/28,-,-,更地渡し,34.7725753,138.0326201
472,売地,掛川市大坂,1200.0,1200.0,東海道本線,所有権,60,１種住居,8.7,200,462.86,138,2024/3/29,2024/6/3,-,-,現況渡し,34.6698829,138.0454266
471,売地,掛川市大坂5000-6,8.0,420.0,東海道本線,所有権,60,無指定,0.1,200,202.98,60,2023/5/17,2023/5/26,-,-,現況渡し,34.6820136,138.0444276
470,売地,掛川市大坂5919-1,420.0,420.0,東海道本線,所有権,60,無指定,7.0,200,200.44,60,2024/4/12,2024/4/25,-,-,更地渡し,34.6698829,138.0454266
423,売地,掛川市大池,1020.0,970.0,東海道本線,所有権,40,１種低層,18.3,60,187.31,56,2024/9/26,2024/9/30,-,-,現況渡し,34.7760715,137.9935975
424,売地,掛川市大池,1120.0,1120.0,ＪＲ東海道新幹線,所有権,40,１種低層,17.1,60,220.0,66,2024/2/6,2024/2/18,-,-,現況渡し,34.7760715,137.9935975
422,売地,掛川市大池453-5B,950.0,950.0,東海道本線,所有権,40,１種低層,15.1,60,210.61,63,2025/3/1,2025/4/25,-,-,相談,34.7760715,137.9935975
449,売地,掛川市富部,840.0,840.0,天竜浜名湖鉄道,所有権,80,近隣商業,11.0,200,257.0,77,2024/3/18,2024/5/26,-,-,相談,34.7809559,137.9700737
448,売地,掛川市富部,600.0,400.0,バス停,所有権,40,１種低層,5.2,60,384.0,114,2024/6/12,2024/7/14,-,-,相談,34.7809559,137.9700737
454,売地,掛川市本郷2425番31他2筆,600.0,600.0,天竜浜名湖鉄道,所有権,60,無指定,5.9,200,339.91,101,2024/6/29,2024/8/7,-,-,相談,34.8113112,137.9559373
455,売地,掛川市本郷533-3,248.0,248.0,天竜浜名湖鉄道,所有権,60,無指定,17.3,200,48.0,14,2024/5/31,2024/8/6,-,-,現況渡し,34.8059836,137.9558111
446,売地,掛川市満水1-3他,718.0,718.0,東海道本線,所有権,60,１種住居,7.8,200,310.27,92,2024/2/10,2024/3/9,-,-,現況渡し,34.7719078,138.0543668
447,売地,掛川市満水86-1,1000.0,1000.0,東海道本線,所有権,60,工業地域,7.2,200,464.0,138,2024/11/2,2024/11/9,-,-,現況渡し,34.7719078,138.0543668
462,売地,掛川市弥生町,980.0,980.0,バス停,所有権,50,１種低層,19.2,80,171.63,51,2024/12/12,2024/12/23,-,-,更地渡し,34.7785176,138.0115568
480,売地,掛川市和光３丁目,1194.0,1140.0,東海道本線,所有権,50,-,22.4,100,179.0,53,2024/4/5,2024/5/27,-,-,相談,34.7827446,138.0053632
542,売地,袋井市旭町１丁目2-5,1700.0,1350.0,東海道本線/バス停,所有権,60,２種中高,22.3,200,256.0,76,2023/11/18,2023/11/20,-,-,更地渡し,34.7518759,137.9217528
543,売地,袋井市旭町２丁目4番1013号地,1390.0,1390.0,東海道本線/バス停,所有権,70,２種中高,51.2,200,91.13,27,2025/2/17,2025/2/24,-,-,建築条件付,34.8077057,135.3558105
545,売地,袋井市岡崎3315-5,650.0,580.0,東海道本線,所有権,60,無指定,5.1,200,428.11,127,2023/10/31,-,-,-,現況渡し,34.702061,137.9468032
544,売地,袋井市岡崎6010,480.0,480.0,東海道本線,所有権,60,無指定,5.4,200,299.94,89,2023/11/4,2023/12/19,-,-,相談,34.705702,137.9395043
550,売地,袋井市萱間606-1の一部,363.0,350.0,東海道本線,所有権,60,無指定,3.9,200,308.75,92,2024/10/19,-,-,-,現況渡し,34.8091488,137.8859679
549,売地,袋井市萱間802,330.0,330.0,天竜浜名湖鉄道/バス停/バス停/バス停,所有権,60,無指定,3.3,200,334.33,100,2025/2/8,2025/3/25,-,-,現況渡し,34.8091488,137.8859679
555,売地,袋井市久能1538-1,1200.0,1200.0,東海道本線,所有権,50,１種低層,16.4,80,246.4,73,2024/1/25,2024/2/24,-,-,現況渡し,34.7592018,137.9134191
554,売地,袋井市久能1543-1久能①,990.0,990.0,東海道本線,所有権,50,１種低層,16.9,80,197.0,59,2024/7/9,2024/7/27,-,-,現況渡し,34.7583109,137.913338
559,売地,袋井市久能2568-1No.92,1298.0,1250.0,東海道本線/バス停,所有権,60,無指定,21.8,200,200.18,60,2023/7/19,2023/9/4,-,-,現況渡し,34.7674909,137.919347
557,売地,袋井市久能２５６８－７３他７８,1265.0,1265.0,東海道本線/バス停,所有権,60,無指定,20.9,200,203.12,60,2024/1/5,2024/2/28,-,-,現況渡し,34.7674909,137.919347
558,売地,袋井市久能2585-1の内48号地,1276.0,1276.0,東海道本線,所有権,60,１種住居,19.9,200,215.48,64,2023/10/30,2023/11/20,-,-,現況渡し,34.7674909,137.919347
556,売地,袋井市久能字清ヶ谷2614番、2618番他65号地,1265.0,1265.0,東海道本線/バス停,所有権,60,無指定,21.0,200,202.04,60,2024/12/27,2024/12/28,-,-,建築条件付,34.6949739,137.969126
565,売地,袋井市月見町12番4,35.0,500.0,バス停/バス停,所有権,60,-,1.0,150,118.0,35,2025/1/30,2025/3/7,-,-,現況渡し,34.7862356,137.9091456
563,売地,袋井市高尾,990.0,990.0,東海道本線,所有権,50,１種低層,13.9,100,239.29,71,2023/4/29,2023/6/23,-,-,更地渡し,34.7393477,137.9255306
560,売地,袋井市高尾,790.0,790.0,東海道本線,所有権,50,１種低層,9.8,100,270.02,80,2023/6/3,2023/6/18,-,-,更地渡し,34.7393477,137.9255306
561,売地,袋井市高尾1496番43,900.0,900.0,東海道本線,所有権,50,１種低層,12.8,100,236.56,70,2023/4/15,-,-,-,相談,34.7333635,137.9255589
564,売地,袋井市高尾1559-80,1150.0,1150.0,東海道本線/バス停,所有権,50,１種低層,17.1,100,225.67,67,2024/7/22,2024/9/27,-,-,更地渡し,34.7330896,137.9236562
562,売地,袋井市高尾1630-7,980.0,950.0,東海道本線,所有権,50,１種低層,16.1,100,204.0,61,2024/5/16,2024/6/11,-,-,現況渡し,34.7336543,137.9209171
553,売地,袋井市国本,650.0,650.0,バス停,所有権,60,無指定,7.4,200,294.2,88,2023/12/27,2024/1/28,-,-,現況渡し,34.7644654,137.957614
552,売地,袋井市国本2212,445.0,445.0,東海道本線/バス停,所有権,60,無指定,8.6,200,173.3,52,2024/8/28,2024/11/1,-,-,相談,34.7631408,137.9409915
572,売地,袋井市山科3032-1,8.0,8.0,東海道本線,所有権,60,工業地域,0.0,200,940.0,280,2024/4/6,2024/4/27,-,-,更地渡し,34.7677033,137.9047687
602,売地,袋井市松原,550.0,550.0,東海道本線,所有権,60,無指定,8.1,200,227.48,68,2024/1/9,2024/3/3,-,-,現況渡し,34.6869214,137.9255306
548,売地,袋井市上山梨,1500.0,1500.0,バス停,所有権,30,１種低層,15.8,50,318.0,95,2024/6/12,2024/7/28,-,-,相談,34.7885429,137.9045093
547,売地,袋井市上山梨1451,1300.0,1080.0,バス停,所有権,60,１種住居,13.0,200,335.92,100,2023/7/28,2023/9/12,-,-,更地渡し,34.7932164,137.9029413
546,売地,袋井市上山梨925ー5,240.0,240.0,バス停,所有権,60,-,8.1,150,99.5,30,2024/12/29,2025/3/31,-,-,現況渡し,34.79348040000001,137.9076473
568,売地,袋井市新池789,950.0,940.0,東海道本線,所有権,60,１種住居,11.6,200,274.0,82,2024/9/23,2024/10/31,-,-,更地渡し,34.7314109,137.9094547
569,売地,袋井市西田55-6,1980.0,1730.0,東海道本線,所有権,60,工業地域,17.7,200,374.83,112,2024/8/1,2024/8/30,-,-,現況渡し,34.74181670000001,137.9122788
591,売地,袋井市浅羽,1000.0,1000.0,東海道本線,所有権,60,-,12.2,100,274.92,82,2023/10/8,2023/11/28,-,-,相談,34.7138539,137.9240776
592,売地,袋井市浅羽,1000.0,1000.0,東海道本線,所有権,60,-,12.2,100,275.12,82,2023/7/27,2023/10/7,-,-,相談,34.7138539,137.9240776
582,売地,袋井市浅羽,720.0,720.0,東海道本線,所有権,60,無指定,11.9,200,203.95,61,2023/8/25,2023/10/29,-,-,更地渡し,34.7138539,137.9240776
590,売地,袋井市浅羽,980.0,980.0,東海道本線,所有権,60,-,11.5,100,286.45,85,2024/7/11,2024/8/11,-,-,現況渡し,34.7138539,137.9240776
583,売地,袋井市浅羽,720.0,720.0,東海道本線,所有権,60,無指定,10.9,200,222.18,66,2023/8/25,2023/10/14,-,-,更地渡し,34.7138539,137.9240776
585,売地,袋井市浅羽1354,780.0,780.0,東海道本線,所有権,60,-,7.5,100,348.0,104,2024/2/19,2024/4/7,-,-,更地渡し,34.7138539,137.9240776
593,売地,袋井市浅羽1661-7,1070.0,1070.0,東海道本線,所有権,60,１種住居,15.5,100,232.32,69,2025/2/28,2025/4/13,-,-,更地渡し,34.7137167,137.9274676
588,売地,袋井市浅羽1690-5,890.0,890.0,東海道本線,所有権,60,-,14.1,100,212.11,63,2024/7/31,2024/8/22,-,-,現況渡し,34.7118689,137.927581
584,売地,袋井市浅羽1781-7,740.0,680.0,東海道本線,所有権,60,-,12.3,100,202.28,60,2024/9/14,-,-,-,現況渡し,34.7104972,137.9276642
594,売地,袋井市浅羽2204-1,1350.0,1350.0,バス停,所有権,60,-,6.4,100,711.62,212,2025/2/7,2025/3/27,-,-,相談,34.7155701,137.9273665
580,売地,袋井市浅羽2411-1,650.0,600.0,東海道本線,所有権,60,-,9.0,100,243.0,72,2023/3/31,2023/4/22,-,-,現況渡し,34.7138539,137.9240776
587,売地,袋井市浅羽2428-9,860.0,860.0,東海道本線,所有権,60,-,10.1,100,285.0,85,2024/2/5,2024/3/30,-,-,更地渡し,34.7138539,137.9240776
581,売地,袋井市浅羽820番1、1105番6A区画,720.0,720.0,東海道本線/バス停停歩5分/バス停,所有権,60,無指定,10.9,200,221.68,66,2023/10/16,2023/11/25,-,-,現況渡し,34.7138539,137.9240776
595,売地,袋井市浅羽一色,550.0,540.0,バス停,所有権,60,無指定,7.8,200,236.89,71,2023/4/1,2023/4/18,-,-,相談,34.6999335,137.9131641
589,売地,袋井市浅羽字奥林2387-2,900.0,900.0,東海道本線/バス停,所有権,60,-,9.9,100,305.0,91,2023/6/6,2023/6/16,-,-,更地渡し,34.7138539,137.9240776
586,売地,袋井市浅羽字奥林2428-8,850.0,850.0,東海道本線,所有権,60,-,10.6,100,268.0,80,2023/1/20,2023/4/8,-,-,現況渡し,34.7138539,137.9240776
574,売地,袋井市浅岡325-1、326-1,1100.0,1100.0,東海道本線/バス停,所有権,60,１種住居,8.8,200,418.0,124,2023/7/22,2023/7/29,-,-,現況渡し,34.7064153,137.9158766
577,売地,袋井市浅名1014-7,880.0,880.0,東海道本線,所有権,60,２種住居,9.7,200,303.1,90,2024/11/25,2024/11/30,-,-,更地渡し,34.7161794,137.9354259
576,売地,袋井市浅名860-142号地,720.0,22.0,東海道本線/バス停,所有権,50,１種低層,8.3,100,289.56,86,2025/2/9,2025/4/22,-,-,現況渡し,34.7161794,137.9354259
575,売地,袋井市浅名860-153号地,680.0,24.0,東海道本線/バス停,所有権,50,１種低層,6.3,100,360.26,107,2025/2/9,2025/4/22,-,-,現況渡し,34.7161794,137.9354259
578,売地,袋井市浅名Ｂ区画,890.0,89.0,バス停,所有権,60,１種住居,11.1,200,270.38,81,2023/3/23,2023/5/23,-,-,更地渡し,34.7161794,137.9354259
579,売地,袋井市浅名B区画,890.0,890.0,バス停,所有権,60,１種住居,11.1,200,270.38,81,2023/2/26,2023/4/30,-,-,更地渡し,34.7161794,137.9354259
570,売地,袋井市袋井17,525.0,525.0,東海道本線,所有権,80,近隣商業,12.2,200,144.72,43,2024/7/22,2024/11/1,-,-,更地渡し,34.748058,137.924589
601,売地,袋井市長溝489-1,6.0,6.0,東海道本線,所有権,60,無指定,0.1,200,154.61,46,2024/8/27,2024/9/9,-,-,現況渡し,34.7107679,137.9098098
604,売地,袋井市天神町３丁目13-1,1840.0,1840.0,東海道本線,所有権,50,１種低層,26.8,100,230.96,69,2024/10/17,2024/10/28,-,-,現況渡し,34.7505095,137.9137604
597,売地,袋井市梅山,350.0,350.0,東海道本線/バス停,所有権,60,無指定,5.3,200,222.06,66,2023/8/10,2023/8/28,-,-,現況渡し,34.6938083,137.9391371
596,売地,袋井市梅山,350.0,350.0,東海道本線,所有権,60,無指定,5.1,200,231.94,69,2023/8/10,2023/8/28,-,-,現況渡し,34.6938083,137.9391371
598,売地,袋井市富里,200.0,160.0,バス停,所有権,60,無指定,5.2,200,128.4,38,2023/7/24,2023/10/5,-,-,現況渡し,34.6974142,137.9045093
600,売地,袋井市豊住,3000.0,2800.0,バス停,所有権,60,無指定,10.4,200,966.0,288,2023/5/10,2023/6/25,-,-,相談,34.7016457,137.9280043
599,売地,袋井市豊住492,520.0,520.0,東海道本線,所有権,60,-,6.8,200,257.84,77,2025/3/4,2025/3/21,-,-,更地渡し,34.7050888,137.9304382
567,売地,袋井市豊沢,1200.0,1150.0,バス停,所有権,60,無指定,5.6,200,725.52,216,2023/12/24,2024/3/2,-,-,相談,34.7358647,137.9438038
566,売地,袋井市豊沢255-56,952.0,952.0,バス停,所有権,60,無指定,12.2,200,262.41,78,2025/3/3,2025/4/9,-,-,更地渡し,34.7274874,137.9557296
571,売地,袋井市堀越529-20,75.0,18.0,東海道本線/バス停,所有権,60,工業地域,1.3,200,192.47,57,2025/3/1,2025/3/15,-,-,相談,34.7587503,137.9094547
603,売地,袋井市湊75番地4,158.5,140.0,東海道本線,所有権,60,無指定,10.5,200,50.86,15,2024/2/9,-,-,-,現況渡し,34.6792684,137.9098218
551,売地,袋井市木原460-2,6.0,6.0,東海道本線/バス停,所有権,60,無指定,0.1,200,248.15,74,2023/9/2,-,-,-,現況渡し,34.7436666,137.9041399
573,売地,袋井市鷲巣912番８,500.0,450.0,東海道本線/バス停,所有権,60,-,6.1,200,277.0,82,2023/6/1,2023/6/21,-,-,現況渡し,34.7662044,137.9267338
645,売地,磐田市安久路２丁目20-6№1,1750.0,1650.0,東海道本線/バス停,所有権,50,-,22.4,80,262.62,78,2025/1/16,2025/1/27,-,-,現況渡し,34.723941,137.8727708
657,売地,磐田市下本郷231-51,1769.0,1769.0,東海道本線,所有権,60,-,28.9,100,205.28,61,2024/11/8,2024/11/24,-,-,現況渡し,34.7101608,137.8221493
656,売地,磐田市下野部1676番1,350.0,350.0,天竜浜名湖鉄道,所有権,50,無指定,1.8,80,649.32,193,2025/2/3,2025/2/6,-,-,現況渡し,34.8510777,137.857531
653,売地,磐田市加茂659-3,1380.0,1250.0,東海道本線,所有権,40,無指定,4.7,80,976.0,291,2024/4/17,2024/6/12,-,-,現況渡し,34.7322418,137.8336726
647,売地,磐田市掛塚1113,600.0,380.0,バス停,所有権,60,２種中高,8.5,150,236.59,70,2023/3/18,2023/4/30,-,-,更地渡し,34.6729388,137.7968606
608,売地,磐田市笠梅553-5,480.0,480.0,バス停,所有権,60,無指定,5.6,200,287.5,86,2023/11/20,2023/11/20,-,-,現況渡し,34.7731201,137.8791732
609,売地,磐田市鎌田22,1755.0,1755.0,東海道本線,所有権,90,近隣商業,29.4,200,200.5,60,2023/5/26,2023/7/10,-,-,建築条件付,34.7139294,137.8896757
610,売地,磐田市鎌田46街区4，5，9,1819.0,1700.0,東海道本線,所有権,50,１種低層,30.5,80,200.5,60,2024/11/26,2025/1/23,-,-,現況渡し,34.7139294,137.8896757
605,売地,磐田市岩井1936-1D区画,1680.0,1680.0,東海道本線/バス停/バス停停歩11分,所有権,40,１種低層,22.6,80,250.0,74,2025/2/8,2025/2/22,-,-,現況渡し,34.7347578,137.8756206
636,売地,磐田市見付,1720.0,1680.0,バス停/バス停,所有権,70,２種住居,25.9,200,222.57,66,2025/3/4,2025/4/7,-,-,更地渡し,34.7321161,137.858685
637,売地,磐田市見付,1720.0,1650.0,バス停,所有権,70,２種住居,25.9,200,222.57,66,2025/2/1,2025/3/31,-,-,更地渡し,34.7321161,137.858685
638,売地,磐田市見付,1980.0,1980.0,バス停,所有権,40,１種低層,23.9,80,277.66,83,2024/6/24,2024/7/29,-,-,現況渡し,34.7321161,137.858685
633,売地,磐田市見付1123-3A区画,880.0,850.0,東海道本線,所有権,60,-,12.9,150,229.21,68,2023/5/29,2023/6/28,-,-,更地渡し,34.7276281,137.8638338
635,売地,磐田市見付1494-3,1550.0,1550.0,東海道本線,所有権,60,-,20.2,150,258.0,77,2023/8/18,2023/9/19,-,-,現況渡し,34.7300991,137.8618824
634,売地,磐田市見付2233-5,1100.0,1100.0,バス停/バス停,所有権,40,１種低層,15.0,80,245.56,73,2023/10/16,2023/12/11,-,-,現況渡し,34.7312845,137.8547276
639,売地,磐田市見付3908-2,3650.0,3650.0,東海道本線,所有権,50,-,13.7,150,893.08,266,2024/1/10,2024/2/9,-,-,相談,34.7321161,137.858685
640,売地,磐田市見付河原町3768番3,780.0,800.0,東海道本線,所有権,50,１種低層,15.5,80,168.72,50,2024/7/1,2024/7/13,-,-,建築条件付,34.7263215,137.8515769
641,売地,磐田市見付地脇町1368-1外,950.0,950.0,東海道本線/バス停,所有権,60,-,19.3,150,165.15,49,2023/3/23,2023/4/20,-,-,建築条件付,34.7279258,137.859914
644,売地,磐田市向笠西589-2、587-41、590-1、719-10,472.0,472.0,東海道本線/バス停,所有権,50,無指定,5.3,80,300.52,89,2025/1/14,2025/1/20,-,-,相談,34.7550558,137.8711395
643,売地,磐田市向笠竹之内1158-4,1300.0,800.0,東海道本線,所有権,50,-,7.9,80,555.01,165,2024/5/9,2024/6/16,-,-,更地渡し,34.7670274,137.8693538
658,売地,磐田市高木1-42,980.0,980.0,東海道本線,所有権,60,１種住居,15.8,200,208.18,62,2024/11/19,2024/12/25,-,-,更地渡し,34.6981427,137.8075561
655,売地,磐田市合代島844-9,968.0,868.0,天竜浜名湖鉄道,所有権,50,無指定,7.6,80,428.01,127,2023/11/2,2023/11/11,-,-,更地渡し,34.8308423,137.8430491
615,売地,磐田市国府台48-4,1800.0,1800.0,東海道本線/バス停,所有権,60,-,18.6,150,324.64,97,2024/3/15,2024/3/29,-,-,更地渡し,34.7232998,137.8509767
616,売地,磐田市国府台94-7,1870.0,1870.0,東海道本線/バス停,所有権,60,-,18.3,150,343.59,102,2024/3/6,2024/4/29,-,-,現況渡し,34.7218149,137.8464345
680,売地,磐田市三家195-1,900.0,850.0,天竜浜名湖鉄道,所有権,50,無指定,11.6,80,260.85,78,2023/10/1,-,-,-,現況渡し,34.8137004,137.8318681
621,売地,磐田市寺谷新田57-2,750.0,700.0,東海道本線/バス停,所有権,50,-,7.6,80,332.08,99,2024/10/15,2024/11/2,-,-,建築条件付,34.7878422,137.8372696
620,売地,磐田市寺谷新田57-4,750.0,700.0,東海道本線/バス停/バス停,所有権,50,-,7.6,80,332.08,99,2025/2/16,2025/3/2,-,-,建築条件付,34.7878422,137.8372696
648,売地,磐田市上神増1944番1,980.0,930.0,天竜浜名湖鉄道/バス停,所有権,50,-,10.6,80,309.0,92,2024/6/27,2024/8/19,-,-,更地渡し,34.8225815,137.8451996
612,売地,磐田市上大之郷32-1①,1250.0,1250.0,東海道本線/バス停,所有権,60,１種住居,21.0,200,200.0,60,2023/12/22,2024/3/10,-,-,相談,34.6927569,137.8544624
611,売地,磐田市上大之郷32-1②,1090.0,1090.0,東海道本線,所有権,60,１種住居,18.3,200,200.0,60,2024/3/29,2024/6/3,-,-,相談,34.6927569,137.8544624
613,売地,磐田市上大之郷405,3300.0,3300.0,東海道本線/バス停,所有権,60,無指定,15.2,200,728.0,217,2024/4/30,2024/5/27,-,-,相談,34.6884699,137.8533982
649,売地,磐田市上野部１３１７－１,400.0,400.0,バス停/バス停,所有権,50,無指定,2.7,80,493.47,147,2023/4/12,2023/6/13,-,-,更地渡し,34.8490056,137.8377905
652,売地,磐田市上野部１４０４－１,1080.0,15.0,天竜浜名湖鉄道/バス停,所有権,50,無指定,10.3,80,352.08,105,2024/10/25,2024/12/17,-,-,現況渡し,34.8423008,137.8346336
651,売地,磐田市上野部1404番1,1080.0,1080.0,天竜浜名湖鉄道,所有権,50,無指定,10.3,80,352.08,105,2024/12/5,2024/12/22,-,-,現況渡し,34.8423008,137.8346336
650,売地,磐田市上野部1404番5外3筆,1000.0,1000.0,天竜浜名湖鉄道,所有権,50,無指定,7.3,80,462.88,138,2024/2/1,2024/2/17,-,-,現況渡し,34.8423008,137.8346336
682,売地,磐田市森本1011-5,1356.0,1356.0,東海道本線/バス停,所有権,60,無指定,15.2,200,298.94,89,2023/10/24,2023/11/20,-,-,更地渡し,34.7108087,137.8124152
681,売地,磐田市森本754No,1098.0,1098.0,東海道本線,所有権,50,無指定,17.1,80,216.04,64,2024/11/22,2025/1/18,-,-,建築条件付,34.7147846,137.8056964
629,売地,磐田市西貝塚3567-11,1200.0,1150.0,東海道本線,所有権,50,１種低層,20.1,80,200.76,60,2024/3/1,2024/3/11,-,-,更地渡し,34.7303174,137.873457
630,売地,磐田市西貝塚459,10000.0,10000.0,東海道本線,所有権,60,工業地域,34.1,200,986.0,294,2023/11/29,2023/11/29,-,-,現況渡し,34.710806,137.8658053
654,売地,磐田市川袋,590.0,550.0,バス停,所有権,60,無指定,6.9,200,286.75,85,2024/5/20,2024/6/8,-,-,相談,34.7179085,137.8515047
614,売地,磐田市草崎22-2他,900.0,800.0,東海道本線,所有権,50,-,8.2,80,367.52,109,2024/4/5,2024/5/9,-,-,更地渡し,34.6938275,137.8227633
607,売地,磐田市大久保269-17,980.0,980.0,-,所有権,30,-,10.5,50,314.0,94,2024/12/11,2025/1/3,-,-,更地渡し,34.7756528,137.8469073
606,売地,磐田市大久保887-1381,500.0,250.0,東海道本線,所有権,60,-,2.0,200,831.0,247,2025/3/5,2025/4/16,-,-,現況渡し,34.7627486,137.8568652
646,売地,磐田市大中瀬,150.0,100.0,-,所有権,60,-,2.2,200,231.52,69,2025/3/21,2025/4/12,-,-,現況渡し,34.6697928,137.8365558
625,売地,磐田市中泉2496-6,672.0,6.0,東海道本線/バス停,所有権,60,１種住居,16.3,200,138.84,41,2023/7/24,2023/9/25,-,-,現況渡し,34.7134493,137.8470019
627,売地,磐田市中泉2802-10,2058.0,2058.0,東海道本線/バス停,所有権,60,２種中高,25.4,150,272.26,81,2023/12/8,2024/4/16,-,-,現況渡し,34.7160222,137.8421945
626,売地,磐田市中泉608‐4,1200.0,1200.0,東海道本線,所有権,80,商業地域,41.4,400,97.26,29,2024/5/9,2024/6/29,-,-,更地渡し,34.71170550000001,137.8510948
628,売地,磐田市中泉御殿2227-5,597.0,597.0,東海道本線/バス停/バス停,所有権,60,１種住居,18.8,200,106.63,32,2025/2/22,2025/4/7,-,-,更地渡し,34.7087489,137.8498665
665,売地,磐田市中田296,1490.0,1490.0,東海道本線,所有権,60,無指定,14.7,200,340.6,101,2023/4/15,2023/4/22,-,-,相談,34.711402,137.8286714
624,売地,磐田市鳥之瀬175番2,4850.0,4350.0,東海道本線/バス停,所有権,60,準住居,17.4,200,934.15,278,2024/7/29,2024/10/8,-,-,現況渡し,34.7129485,137.8605924
623,売地,磐田市天龍278,1180.0,1140.0,東海道本線,所有権,60,-,13.6,200,291.47,87,2024/6/10,2024/8/4,-,-,更地渡し,34.70776470000001,137.8436366
622,売地,磐田市天龍540-7,690.0,690.0,東海道本線,所有権,60,-,30.0,200,77.32,23,2024/11/1,2025/1/10,-,-,現況渡し,34.7056299,137.8438242
632,売地,磐田市藤上原600番4,990.0,950.0,東海道本線,所有権,50,-,5.4,80,615.44,183,2025/2/10,2025/4/20,-,-,現況渡し,34.7887811,137.8544045
631,売地,磐田市藤上原830-3③,800.0,800.0,東海道本線/バス停,所有権,50,-,11.4,80,234.97,70,2023/10/24,2023/10/27,-,-,現況渡し,34.7882704,137.8501395
685,売地,磐田市二之宮浅間1-4,1980.0,91.0,東海道本線,所有権,60,２種住居,30.4,200,218.91,65,2024/2/1,2024/2/26,-,-,現況渡し,34.7120337,137.8570016
617,売地,磐田市匂坂上153番4,125.0,100.0,東海道本線,所有権,60,無指定,2.0,200,206.63,62,2024/11/29,2025/1/8,-,-,現況渡し,34.7734446,137.8337584
618,売地,磐田市匂坂新374-3,1360.0,1360.0,東海道本線,所有権,50,無指定,13.7,80,332.59,99,2023/11/16,2023/12/13,-,-,更地渡し,34.7568913,137.8386133
619,売地,磐田市匂坂中1010-3,1225.0,1225.0,東海道本線/バス停,所有権,50,無指定,10.7,80,384.37,114,2023/2/25,2023/4/14,-,-,現況渡し,34.7651065,137.8302967
667,売地,磐田市福田119-2,600.0,500.0,東海道本線,所有権,50,-,8.1,80,248.04,74,2024/7/30,2024/9/8,-,-,現況渡し,34.6826266,137.8858252
671,売地,磐田市福田1737-1,1070.0,823.0,バス停,所有権,60,１種住居,9.5,200,377.42,112,2023/1/11,2023/5/2,-,-,現況渡し,34.6693172,137.8850309
666,売地,磐田市福田4154-1,408.0,408.0,バス停,所有権,60,１種住居,8.1,200,168.57,50,2023/7/28,2023/8/23,-,-,現況渡し,34.6693172,137.8850309
672,売地,磐田市福田59-1,1300.0,1100.0,東海道本線,所有権,60,１種住居,5.3,200,823.0,245,2024/1/31,2024/3/15,-,-,相談,34.6693172,137.8850309
670,売地,磐田市福田671-1,800.0,800.0,東海道本線,所有権,60,１種住居,6.0,200,447.89,133,2024/1/31,2024/3/7,-,-,現況渡し,34.6802256,137.8784495
668,売地,磐田市福田字本田西５８４－１,670.0,670.0,東海道本線/バス停/バス停,所有権,60,１種住居,4.1,200,553.86,165,2024/2/20,2024/4/10,-,-,現況渡し,34.6693172,137.8850309
669,売地,磐田市福田字本田西584-1,670.0,670.0,東海道本線/バス停,所有権,60,１種住居,4.1,200,553.86,165,2024/1/18,2024/4/10,-,-,現況渡し,34.6693172,137.8850309
673,売地,磐田市福田中島1595他4筆,400.0,350.0,東海道本線,所有権,60,１種住居,6.1,200,220.0,66,2023/10/14,2024/1/9,-,-,相談,34.6736592,137.8699039
675,売地,磐田市福田中島1604-2,1060.0,750.0,東海道本線,所有権,60,１種住居,14.1,200,253.0,75,2024/1/31,2024/3/15,-,-,現況渡し,34.6747768,137.8742076
676,売地,磐田市福田中島216番他第3画地,1090.0,1090.0,東海道本線/バス停/バス停,所有権,60,１種住居,17.9,200,205.0,61,2024/5/13,2024/5/31,-,-,更地渡し,34.6736592,137.8699039
677,売地,磐田市福田中島808-1,1200.0,1200.0,バス停,所有権,60,１種住居,5.1,200,793.21,236,2024/5/7,2024/5/28,-,-,更地渡し,34.6775127,137.8757545
674,売地,磐田市福田中島887,1.0,600.0,東海道本線,所有権,60,１種住居,0.0,200,250.94,75,2023/3/15,2023/4/3,-,-,現況渡し,34.6777766,137.8722495
660,売地,磐田市豊岡,680.0,470.0,バス停/バス停,所有権,50,１種低層,11.4,80,200.03,60,2024/8/26,2024/9/17,-,-,更地渡し,34.6857988,137.8044624
661,売地,磐田市豊岡,1080.0,1030.0,東海道本線,所有権,-,-,5.8,-,630.26,188,2024/11/12,2024/11/27,-,-,現況渡し,34.6857988,137.8044624
659,売地,磐田市豊岡4474-6他,580.0,580.0,東海道本線,所有権,60,-,9.3,150,208.76,62,2025/1/13,2025/3/7,-,-,建築条件付,34.6783358,137.814419
662,売地,磐田市豊岡金洗5906-4,850.0,850.0,東海道本線,所有権,60,１種住居,22.3,200,128.03,38,2024/11/7,2024/11/29,-,-,現況渡し,34.6721401,137.8119102
663,売地,磐田市豊田10-3,1050.0,1050.0,東海道本線/バス停,所有権,50,無指定,19.4,80,181.63,54,2023/6/19,2023/9/10,-,-,更地渡し,34.7462629,137.8351098
664,売地,磐田市豊田185-5,1150.0,1100.0,東海道本線,所有権,50,-,14.8,80,261.69,78,2024/9/29,-,-,-,現況渡し,34.7428119,137.8333139
679,売地,磐田市堀之内,860.0,760.0,バス停,所有権,60,１種住居,13.4,200,215.08,64,2023/10/27,2023/10/31,-,-,更地渡し,34.6912171,137.8118669
678,売地,磐田市堀之内1638-60,830.0,830.0,東海道本線,所有権,50,１種低層,13.5,80,207.0,62,2024/5/9,2024/7/2,-,-,現況渡し,34.688625,137.808628
642,売地,磐田市明ケ島1121番9,1340.0,1300.0,東海道本線,所有権,50,無指定,24.4,80,184.69,55,2023/7/3,2023/7/19,-,-,更地渡し,34.7290376,137.8869217
684,売地,磐田市明ケ島原34-6,2230.0,2230.0,東海道本線/バス停/バス停,所有権,50,１種低層,32.4,80,231.4,69,2024/7/29,2024/8/5,-,-,現況渡し,34.7299902,137.8850599
683,売地,磐田市竜洋中島1121-241,498.0,498.0,東海道本線,所有権,60,１種低層,9.3,200,180.58,54,2024/2/25,2024/2/29,-,-,相談,34.7050542,137.8072378
259,売地,浜松市中央区安松町,1460.0,1400.0,バス停,所有権,60,２種中高,30.3,200,162.02,48,2025/1/28,2025/3/23,-,-,更地渡し,34.6961803,137.769922
263,売地,浜松市中央区安松町,1930.0,1800.0,バス停,所有権,60,２種中高,30.1,200,215.27,64,2024/6/7,2024/6/18,-,-,更地渡し,34.6961803,137.769922
261,売地,浜松市中央区安松町,1590.0,1590.0,バス停,所有権,60,２種中高,29.6,200,180.4,54,2024/11/15,2025/1/13,-,-,更地渡し,34.6961803,137.769922
258,売地,浜松市中央区安松町,1400.0,1350.0,バス停,所有権,60,２種中高,28.5,200,165.0,49,2023/11/25,2023/12/23,-,-,現況渡し,34.6961803,137.769922
257,売地,浜松市中央区安松町,680.0,400.0,バス停,所有権,60,２種中高,27.8,200,82.13,24,2025/2/13,2025/4/26,-,-,更地渡し,34.6961803,137.769922
262,売地,浜松市中央区安松町,1780.0,1780.0,バス停,所有権,60,２種中高,27.7,200,215.73,64,2023/9/23,2023/11/4,-,-,相談,34.6961803,137.769922
260,売地,浜松市中央区安松町22-2,1536.0,1536.0,バス停,所有権,60,２種中高,29.8,200,173.29,52,2023/10/31,2023/12/12,-,-,更地渡し,34.6939701,137.7705933
264,売地,浜松市中央区安松町22番2,2780.0,2530.0,ＪＲ東海道新幹線/バス停/バス停,所有権,60,２種中高,27.2,200,343.45,102,2023/6/5,2023/7/3,-,-,更地渡し,34.6939701,137.7705933
323,売地,浜松市中央区瓜内町,2130.0,2000.0,東海道本線,所有権,60,１種住居,20.3,200,352.0,105,2023/3/20,2023/4/18,-,-,相談,34.6883365,137.7354041
321,売地,浜松市中央区瓜内町,1290.0,1190.0,バス停,所有権,60,１種住居,18.8,200,230.0,68,2025/2/13,2025/2/22,-,-,更地渡し,34.6883365,137.7354041
317,売地,浜松市中央区瓜内町,390.0,350.0,バス停,所有権,60,無指定,13.2,200,99.13,30,2023/10/25,2024/1/23,-,-,更地渡し,34.6883365,137.7354041
319,売地,浜松市中央区瓜内町,790.0,950.0,バス停,所有権,60,無指定,10.4,200,256.0,76,2023/9/19,2023/11/28,-,-,現況渡し,34.6883365,137.7354041
320,売地,浜松市中央区瓜内町,69.0,69.0,バス停,所有権,60,１種住居,1.3,200,172.0,51,2023/10/14,2023/10/28,-,-,現況渡し,34.6883365,137.7354041
318,売地,浜松市中央区瓜内町601,398.0,300.0,東海道本線/バス停/バス停,所有権,60,無指定,6.1,200,217.9,65,2023/5/16,2023/7/10,-,-,相談,34.6883365,137.7354041
322,売地,浜松市中央区瓜内町793-4,32.0,1300.0,ＪＲ東海道新幹線,所有権,60,無指定,0.5,200,208.0,62,2024/9/22,2024/10/5,-,-,更地渡し,34.6883365,137.7354041
86,売地,浜松市中央区曳馬３丁目B区画,2365.0,2365.0,遠州鉄道,所有権,60,１種住居,43.7,160,181.82,54,2023/10/4,2023/12/4,-,-,現況渡し,34.7269666,137.7446478
87,売地,浜松市中央区曳馬４丁目1190-2・1190-3,8.0,8.0,遠州鉄道,所有権,70,１種住居,0.1,200,185.53,55,2024/8/25,2024/11/29,-,-,相談,34.7304678,137.7421827
88,売地,浜松市中央区曳馬６丁目,1630.0,1630.0,遠州鉄道/バス停,所有権,60,-,37.6,200,145.73,43,2024/8/4,2024/8/16,-,-,現況渡し,34.7363317,137.7372527
89,売地,浜松市中央区曳馬６丁目,1800.0,1800.0,遠州鉄道,所有権,60,-,31.0,200,194.83,58,2024/4/6,2024/4/22,-,-,現況渡し,34.7363317,137.7372527
342,売地,浜松市中央区恩地町,1680.0,1680.0,バス停,所有権,60,工業地域,29.9,200,188.55,56,2023/12/25,2024/1/14,-,-,相談,34.6874367,137.7600575
343,売地,浜松市中央区恩地町,1890.0,1800.0,バス停,所有権,60,工業地域,22.1,200,286.81,85,2024/4/19,2024/5/9,-,-,更地渡し,34.6874367,137.7600575
341,売地,浜松市中央区恩地町257-3,1400.0,0.0,バス停,所有権,60,工業地域,26.4,200,178.02,53,2024/5/30,2024/6/3,-,-,更地渡し,34.6885494,137.7619647
172,売地,浜松市中央区下江町537-8,80.0,75.0,バス停/バス停,所有権,60,無指定,6.2,200,43.66,13,2024/7/22,2024/8/24,-,-,相談,34.6801499,137.7738259
171,売地,浜松市中央区下石田町,1630.0,1630.0,東海道本線,所有権,60,１種住居,27.3,200,200.16,60,2025/2/3,2025/2/25,-,-,更地渡し,34.7388826,137.7847223
170,売地,浜松市中央区下石田町73番の一部,550.0,500.0,バス停,所有権,60,-,5.4,200,344.0,102,2024/6/18,2024/9/10,-,-,現況渡し,34.7567925,137.7885235
169,売地,浜松市中央区下池川町1番11外,72.0,72.0,バス停,所有権,80,近隣商業,0.6,300,415.42,124,2023/12/1,-,-,-,更地渡し,34.71415560000001,137.7258156
168,売地,浜松市中央区下池川町235-3,3850.0,3650.0,遠州鉄道,所有権,60,２種住居,19.2,200,675.0,201,2024/10/18,2025/1/16,-,-,相談,34.7173511,137.7273943
167,売地,浜松市中央区下飯田町189番、208番2,76.0,76.0,バス停/バス停,所有権,60,-,1.3,200,202.19,60,2024/11/1,2024/11/18,-,-,現況渡し,34.6993234,137.7773217
82,売地,浜松市中央区花川町,1340.0,1340.0,バス停,所有権,70,無指定,17.9,200,251.37,75,2025/4/10,2025/4/27,-,-,更地渡し,34.777557,137.6885944
344,売地,浜松市中央区笠井上町584番142号地,1380.0,1350.0,遠州鉄道,所有権,60,１種住居,25.0,200,185.61,55,2024/8/1,2024/9/8,-,-,更地渡し,34.77352279999999,137.7981643
347,売地,浜松市中央区笠井新田町,980.0,960.0,遠州鉄道/バス停,所有権,60,無指定,9.6,200,342.0,102,2024/6/6,2024/8/8,-,-,現況渡し,34.7626843,137.7871894
348,売地,浜松市中央区笠井新田町1307-1,1490.0,1490.0,バス停/バス停,所有権,60,無指定,22.7,200,220.0,66,2024/2/3,2024/3/10,-,-,相談,34.7566222,137.7865035
351,売地,浜松市中央区笠井新田町1533,626.5,626.5,遠州鉄道,所有権,60,-,29.6,200,71.18,21,2024/11/20,2024/12/12,-,-,建築条件付,34.7599344,137.7843481
346,売地,浜松市中央区笠井新田町757-1,750.0,720.0,遠州鉄道,所有権,60,無指定,9.3,200,271.23,81,2024/10/1,2024/10/20,-,-,現況渡し,34.7662205,137.7904683
350,売地,浜松市中央区笠井新田町759-4、758,1795.0,1795.0,遠州鉄道,所有権,60,無指定,25.4,200,237.43,71,2024/11/1,2024/11/30,-,-,現況渡し,34.7664672,137.7901766
345,売地,浜松市中央区笠井新田町799‐1他2筆笠井新田町B,469.0,469.0,遠州鉄道,所有権,60,無指定,5.3,200,295.77,88,2023/12/6,2024/1/8,-,-,更地渡し,34.765052,137.7896057
349,売地,浜松市中央区笠井新田町字川原９５３－１外,1680.0,0.0,バス停,所有権,60,無指定,16.3,200,347.12,103,2024/2/26,2024/3/14,-,-,現況渡し,34.7626843,137.7871894
355,売地,浜松市中央区笠井町1322,48.0,48.0,バス停,所有権,70,１種住居,1.0,200,165.0,49,2025/4/18,2025/4/21,-,-,更地渡し,34.7669399,137.7926539
354,売地,浜松市中央区笠井町313,980.0,980.0,バス停,所有権,60,１種住居,13.7,200,239.82,71,2025/4/7,2025/4/17,-,-,現況渡し,34.766874,137.7984402
353,売地,浜松市中央区笠井町363番7,747.0,747.0,遠州鉄道,所有権,60,１種住居,24.9,200,100.8,30,2023/12/1,-,-,-,現況渡し,34.7697907,137.7977613
357,売地,浜松市中央区笠井町62-1,5200.0,5200.0,バス停,所有権,60,１種住居,22.3,200,783.18,233,2024/4/23,2024/5/30,-,-,現況渡し,34.7685359,137.8004673
356,売地,浜松市中央区笠井町62番１,5200.0,5100.0,バス停/バス停,所有権,60,１種住居,22.3,200,783.18,233,2024/4/22,2024/6/20,-,-,更地渡し,34.7685359,137.8004673
352,売地,浜松市中央区笠井町63-1,290.0,290.0,遠州鉄道,所有権,60,１種住居,10.9,172,89.0,27,2023/3/29,2023/4/27,-,-,現況渡し,34.7681043,137.7945914
386,売地,浜松市中央区鴨江２丁目54-10,2100.0,2050.0,遠州鉄道,所有権,60,-,37.1,200,190.03,57,2024/12/10,2025/2/14,-,-,更地渡し,34.7047807,137.70723
385,売地,浜松市中央区鴨江２丁目9-17,1560.0,1560.0,東海道本線/バス停/バス停,所有権,70,-,39.0,200,134.17,40,2024/5/14,2024/6/4,-,-,現況渡し,34.7046194,137.7150322
387,売地,浜松市中央区鴨江３丁目463-27他,580.0,60.0,遠州鉄道/バス停,所有権,60,-,6.7,200,290.89,87,2024/10/25,-,-,-,更地渡し,34.7074281,137.7107623
388,売地,浜松市中央区鴨江４丁目34-37区画3,980.0,950.0,東海道本線/バス停,所有権,60,-,19.9,200,165.3,49,2023/10/30,2024/2/3,-,-,現況渡し,34.7079043,137.718224
389,売地,浜松市中央区舘山寺町244-9,669.0,669.0,バス停/バス停,所有権,-,無指定,12.2,-,184.05,55,2024/9/19,2024/10/5,-,-,相談,34.7629049,137.6276574
390,売地,浜松市中央区舘山寺町244-9,669.0,640.0,バス停/バス停,所有権,-,無指定,12.2,-,184.05,55,2023/8/4,2023/9/24,-,-,相談,34.7629049,137.6276574
391,売地,浜松市中央区舘山寺町2669-1、2,5.0,5.0,バス停,所有権,60,１種住居,0.0,200,357.73,107,2024/11/13,2024/12/2,-,-,現況渡し,34.7575562,137.6124553
228,売地,浜松市中央区丸塚町,1980.0,1980.0,バス停,所有権,60,１種住居,33.5,200,198.36,59,2024/3/18,2024/3/27,-,-,更地渡し,34.7284005,137.7600575
363,売地,浜松市中央区金折町,950.0,750.0,バス停,所有権,60,無指定,19.3,200,165.0,49,2024/7/6,2024/7/26,-,-,更地渡し,34.6923125,137.7822553
362,売地,浜松市中央区金折町,830.0,800.0,バス停,所有権,60,無指定,15.0,200,186.12,55,2023/4/17,2023/5/20,-,-,相談,34.6923125,137.7822553
361,売地,浜松市中央区金折町353-1,656.0,0.0,バス停,所有権,60,無指定,7.1,200,310.0,92,2023/7/9,2023/7/12,-,-,現況渡し,34.6913989,137.7794868
360,売地,浜松市中央区金折町677②区画,506.0,0.0,バス停,所有権,60,無指定,7.1,200,239.0,71,2024/5/17,2024/6/29,-,-,現況渡し,34.6923125,137.7822553
256,売地,浜松市中央区元浜町３３－３４,1700.0,1700.0,遠州鉄道/バス停,所有権,80,商業地域,52.5,500,108.67,32,2023/10/5,2023/12/28,-,-,相談,34.713565,137.7319904
83,売地,浜松市中央区原島町320,1750.0,1750.0,東海道本線,所有権,60,１種住居,35.8,200,164.0,49,2023/8/4,2023/8/28,-,-,現況渡し,34.7315815,137.7718905
113,売地,浜松市中央区湖東町1484-171,1450.0,1450.0,バス停,所有権,60,無指定,18.3,200,266.42,79,2024/3/3,2024/3/17,-,-,現況渡し,34.7600053,137.667444
112,売地,浜松市中央区湖東町2913,960.0,960.0,遠州鉄道/バス停,所有権,60,-,8.1,200,396.85,118,2024/3/25,2024/4/22,-,-,更地渡し,34.7594176,137.6698123
111,売地,浜松市中央区湖東町2913Ｂ,940.0,940.0,ＪＲ東海道新幹線/バス停,所有権,60,-,6.6,200,474.76,141,2024/5/13,2024/6/25,-,-,更地渡し,34.7621033,137.6826919
109,売地,浜松市中央区湖東町3433番2外1筆,679.0,679.0,バス停,所有権,60,無指定,5.1,200,449.0,134,2023/7/19,2023/9/27,-,-,現況渡し,34.7555541,137.6804035
110,売地,浜松市中央区湖東町5746-5,67.0,750.0,バス停,所有権,60,-,0.6,200,406.0,121,2024/2/5,2024/2/26,-,-,現況渡し,34.7613219,137.6828154
101,売地,浜松市中央区御給町,1480.0,1480.0,バス停,所有権,60,無指定,16.3,200,304.0,91,2024/3/1,2024/3/31,-,-,相談,34.675999,137.7693054
253,売地,浜松市中央区向宿２丁目15番13号,1580.0,1580.0,東海道本線,所有権,60,１種住居,30.1,200,176.3,53,2023/4/1,2023/4/22,-,-,現況渡し,34.705594,137.7514468
254,売地,浜松市中央区向宿３丁目719-3,1830.0,4.0,ＪＲ東海道新幹線,所有権,70,１種住居,37.0,200,166.1,49,2023/11/21,2023/12/25,-,-,更地渡し,34.7020853,137.7523521
114,売地,浜松市中央区幸２丁目39-4,3153.0,3153.0,東海道本線/バス停,所有権,40,１種低層,30.8,60,343.98,102,2023/7/22,2023/7/30,-,-,更地渡し,34.7375765,137.7305326
115,売地,浜松市中央区幸３丁目18-3,3300.0,3300.0,遠州鉄道/バス停,所有権,60,-,31.9,200,347.6,104,2024/3/9,2024/3/15,-,-,更地渡し,34.7416491,137.7338825
122,売地,浜松市中央区幸４丁目33-40,4950.0,0.0,遠州鉄道/バス停,所有権,30,１種低層,33.5,60,495.88,148,2024/2/28,2024/4/1,-,-,更地渡し,34.7450588,137.733089
121,売地,浜松市中央区幸４丁目518-70,2800.0,64.0,遠州鉄道/バス停,所有権,30,１種低層,40.3,60,233.55,70,2024/11/20,2024/12/24,-,-,現況渡し,34.7445568,137.7298587
120,売地,浜松市中央区幸４丁目９－５ＮＯ．１,2058.0,7.0,バス停,所有権,60,-,42.7,150,161.74,48,2024/7/19,2024/8/19,-,-,更地渡し,34.7456833,137.7281644
119,売地,浜松市中央区幸４丁目９－５ＮＯ．１１,1996.0,78.0,バス停,所有権,60,-,43.5,150,154.24,46,2024/7/19,2024/8/19,-,-,更地渡し,34.7456833,137.7281644
117,売地,浜松市中央区幸４丁目９－５ＮＯ．２,1954.0,38.0,バス停,所有権,60,-,42.0,150,156.11,46,2024/7/19,2024/8/19,-,-,更地渡し,34.7456833,137.7281644
116,売地,浜松市中央区幸４丁目９－５ＮＯ．３,1952.0,51.0,バス停/バス停,所有権,60,-,42.2,150,155.47,46,2024/7/19,2024/8/19,-,-,更地渡し,34.7456833,137.7281644
118,売地,浜松市中央区幸４丁目９－５ＮＯ．９,1994.0,77.0,バス停,所有権,60,-,43.4,150,154.14,46,2024/7/19,2024/8/19,-,-,更地渡し,34.7456833,137.7281644
90,売地,浜松市中央区広沢１丁目252-79,2600.0,2600.0,東海道本線/バス停,所有権,60,-,38.6,160,226.21,67,2024/7/5,2024/7/22,-,-,現況渡し,34.7165678,137.7175376
92,売地,浜松市中央区広沢２丁目４０－２４,5800.0,5800.0,東海道本線/バス停,所有権,60,-,44.1,160,441.17,131,2024/8/22,2024/9/10,-,-,更地渡し,34.7183588,137.7124368
91,売地,浜松市中央区広沢２丁目7-28,1650.0,1600.0,遠州鉄道/バス停,所有権,60,-,40.0,200,138.51,41,2023/7/4,2023/8/27,-,-,更地渡し,34.7145828,137.7165905
93,売地,浜松市中央区広沢３丁目1-18,2180.0,2180.0,東海道本線/バス停,所有権,60,-,38.5,160,189.9,57,2024/8/5,2024/8/26,-,-,更地渡し,34.7119585,137.7206492
17,売地,浜松市中央区恒武町518,650.0,500.0,遠州鉄道,所有権,-,-,19.2,-,113.69,34,2023/3/28,2023/5/17,-,-,現況渡し,34.7662272,137.7989387
199,売地,浜松市中央区高丘東２丁目104,1985.0,1985.0,-,所有権,60,工業地域,34.0,200,196.0,58,2024/2/29,2024/3/17,-,-,建築条件付,34.7562335,137.7132259
1,売地,浜松市中央区高丘東３丁目109番1高丘東1号地,1498.0,1498.0,バス停,所有権,60,工業地域,40.0,200,125.64,37,2024/10/7,2024/11/18,-,-,現況渡し,34.7606061,137.7181536
2,売地,浜松市中央区高丘東３丁目１３９－７,2015.0,2015.0,バス停,所有権,60,１種住居,30.5,200,222.07,66,2023/11/13,2023/12/5,-,-,更地渡し,34.7606061,137.7181536
200,売地,浜松市中央区高丘東３丁目A区画,1480.0,1480.0,バス停,所有権,60,工業地域,19.0,200,261.55,78,2023/6/9,2023/7/14,-,-,現況渡し,34.7606061,137.7181536
4,売地,浜松市中央区高丘東４丁目101-14,3020.0,3020.0,東海道本線/バス停,所有権,60,工業地域,35.5,200,285.35,85,2023/7/18,2023/8/4,-,-,更地渡し,34.7589002,137.7101464
3,売地,浜松市中央区高丘東４丁目101-27,3020.0,3020.0,東海道本線/バス停,所有権,60,工業地域,35.5,200,285.32,85,2023/10/30,2023/12/11,-,-,更地渡し,34.7589002,137.7101464
5,売地,浜松市中央区高丘東４丁目１０１－２９他,3538.0,3250.0,バス停,所有権,70,工業地域,41.6,200,285.34,85,2024/10/22,2024/12/12,-,-,現況渡し,34.7589002,137.7101464
197,売地,浜松市中央区高丘北２丁目102-14No.2,1882.0,1882.0,バス停,所有権,60,１種住居,32.5,200,194.41,58,2024/11/22,2024/12/14,-,-,建築条件付,34.7634017,137.703372
198,売地,浜松市中央区高丘北３丁目11-24,1799.0,1799.0,バス停,所有権,60,１種住居,36.6,200,164.98,49,2023/4/6,2023/4/29,-,-,相談,34.7636669,137.6989671
13,売地,浜松市中央区高町,2990.0,2990.0,バス停,所有権,60,１種住居,45.2,200,222.08,66,2024/3/15,2024/4/6,-,-,更地渡し,34.7100263,137.7215417
8,売地,浜松市中央区高塚町,1520.0,1300.0,バス停/バス停,所有権,60,２種住居,24.4,200,209.24,62,2024/2/20,2024/3/9,-,-,相談,34.6896781,137.6824383
9,売地,浜松市中央区高塚町,1600.0,1600.0,東海道本線,所有権,60,１種住居,20.8,200,257.68,77,2024/10/8,2024/11/13,-,-,更地渡し,34.6896781,137.6824383
7,売地,浜松市中央区高塚町,1400.0,1400.0,東海道本線/バス停,所有権,60,無指定,13.7,200,344.0,102,2024/9/29,2024/10/7,-,-,更地渡し,34.6896781,137.6824383
10,売地,浜松市中央区高塚町１７８８－１２７,1680.0,1680.0,東海道本線,所有権,60,１種住居,28.0,200,201.2,60,2023/4/7,2023/5/8,-,-,更地渡し,34.6923133,137.6750712
6,売地,浜松市中央区高塚町2257番1,1101.0,1101.0,東海道本線,所有権,60,工業地域,20.3,200,182.0,54,2023/3/4,2023/5/13,-,-,現況渡し,34.6896781,137.6824383
11,売地,浜松市中央区高林１丁目31-1,540.0,420.0,東海道本線/バス停,所有権,60,準住居,20.4,200,89.0,27,2023/4/19,2023/5/28,-,-,現況渡し,34.7257485,137.731091
12,売地,浜松市中央区高林３丁目625-9,730.0,730.0,ＪＲ東海道新幹線/バス停,所有権,60,１種住居,30.8,200,79.62,24,2024/6/28,2024/7/11,-,-,更地渡し,34.7279993,137.7357122
126,売地,浜松市中央区佐藤１丁目,980.0,900.0,バス停,所有権,80,近隣商業,33.4,200,98.39,29,2024/1/30,2024/2/22,-,-,更地渡し,34.7133159,137.7446478
127,売地,浜松市中央区佐藤１丁目26番41号,1910.0,1910.0,東海道本線,所有権,60,２種住居,46.3,200,138.38,41,2023/3/15,2023/5/19,-,-,更地渡し,34.7129887,137.7443511
136,売地,浜松市中央区佐浜町121-1,680.0,680.0,東海道本線/バス停,所有権,70,-,7.3,200,311.67,93,2023/7/19,2023/8/15,-,-,相談,34.7468483,137.640596
128,売地,浜松市中央区佐鳴台１丁目109-3,1980.0,1980.0,バス停,所有権,60,-,41.6,200,160.0,48,2023/9/28,2023/10/26,-,-,現況渡し,34.7040632,137.7015245
129,売地,浜松市中央区佐鳴台１丁目856,4665.0,4665.0,東海道本線/バス停,所有権,60,２種住居,35.5,200,440.64,131,2024/7/5,2024/9/2,-,-,更地渡し,34.7040632,137.7015245
131,売地,浜松市中央区佐鳴台２丁目116-10,3100.0,3100.0,東海道本線,所有権,60,-,46.3,200,225.0,67,2023/6/22,2023/7/10,-,-,現況渡し,34.7031905,137.6941355
132,売地,浜松市中央区佐鳴台２丁目31-16,12000.0,12000.0,東海道本線/バス停,所有権,60,１種住居,51.7,200,780.02,232,2023/6/6,2023/8/8,-,-,現況渡し,34.7042667,137.692504
130,売地,浜松市中央区佐鳴台２丁目5-29,2050.0,1775.0,東海道本線,所有権,70,-,45.8,200,150.19,45,2023/8/4,2023/8/28,-,-,更地渡し,34.7026164,137.6956412
134,売地,浜松市中央区佐鳴台５丁目122-16,3000.0,3000.0,バス停,所有権,40,-,20.8,200,484.64,144,2024/6/11,2024/6/29,-,-,更地渡し,34.7127243,137.6978299
135,売地,浜松市中央区佐鳴台５丁目122-17・122-18,6000.0,6000.0,バス停,所有権,40,-,30.2,200,666.37,198,2024/4/2,2024/4/24,-,-,更地渡し,34.7127243,137.6978299
133,売地,浜松市中央区佐鳴台５丁目B区画,2500.0,2500.0,バス停,所有権,40,-,37.7,200,222.63,66,2023/5/18,2023/8/8,-,-,更地渡し,34.7127243,137.6978299
187,売地,浜松市中央区砂山町,1880.0,1880.0,バス停,所有権,80,商業地域,55.3,500,114.22,34,2024/9/1,2024/9/20,-,-,相談,34.7028205,137.7360203
246,売地,浜松市中央区三組町,2100.0,2100.0,遠州鉄道,所有権,60,２種住居,53.1,160,132.83,40,2024/8/30,2024/9/4,-,-,現況渡し,34.7089332,137.7203096
252,売地,浜松市中央区三島町1106,11500.0,11500.0,ＪＲ東海道新幹線/バス停,所有権,60,１種住居,59.2,200,652.0,194,2023/12/19,2023/12/22,-,-,更地渡し,34.6896516,137.7458858
251,売地,浜松市中央区三島町331-1,1650.0,1650.0,ＪＲ東海道新幹線,所有権,60,１種住居,27.7,164,200.0,60,2023/7/20,2023/8/31,-,-,相談,34.689529,137.740938
247,売地,浜松市中央区三島町852番2、852番5,1050.0,1050.0,東海道本線/バス停,所有権,60,-,7.5,200,470.0,140,2023/4/12,2023/4/27,-,-,建築条件付,34.6879775,137.7452641
249,売地,浜松市中央区三島町字曲リ木808番2外,1450.0,1450.0,バス停,所有権,60,１種住居,29.6,200,164.6,49,2023/6/26,2023/8/31,-,-,更地渡し,34.6879775,137.7452641
250,売地,浜松市中央区三島町字曲リ木808番2外,1480.0,1480.0,バス停,所有権,60,１種住居,27.6,200,180.03,54,2023/6/26,2023/9/4,-,-,更地渡し,34.6879775,137.7452641
248,売地,浜松市中央区三島町字曲リ木808番2外,1380.0,1380.0,バス停/バス停,所有権,60,１種住居,21.4,200,216.71,65,2023/6/26,2023/9/4,-,-,更地渡し,34.6879775,137.7452641
237,売地,浜松市中央区三方原町,71.0,71.0,遠州鉄道/バス停,所有権,60,-,1.2,200,200.05,60,2024/8/18,2024/8/20,-,-,建築条件付,34.785159,137.7100922
239,売地,浜松市中央区三方原町,65.0,1330.0,遠州鉄道/バス停,所有権,60,-,1.1,200,200.19,60,2023/11/12,2023/11/25,-,-,建築条件付,34.785159,137.7100922
234,売地,浜松市中央区三方原町1482番1の一部,9.0,9.0,バス停,所有権,60,無指定,0.1,200,257.19,77,2023/12/20,-,-,-,現況渡し,34.7815328,137.7028506
236,売地,浜松市中央区三方原町1512番7、1512番8(C号地),780.0,780.0,バス停,所有権,60,-,7.3,200,359.13,107,2023/11/11,2023/12/5,-,-,現況渡し,34.785159,137.7100922
244,売地,浜松市中央区三方原町１６－４,3200.0,3200.0,バス停,所有権,60,-,27.2,200,395.0,118,2025/1/8,2025/1/19,-,-,更地渡し,34.7699761,137.7135473
233,売地,浜松市中央区三方原町1801－1の一部（Ｂ号地）,760.0,760.0,バス停,所有権,60,-,10.2,200,249.35,74,2024/1/16,2024/3/24,-,-,現況渡し,34.7864076,137.7051488
231,売地,浜松市中央区三方原町1808-1の一部（Ａ号地）,730.0,730.0,バス停,所有権,60,-,9.8,200,249.2,74,2024/8/27,2024/10/30,-,-,現況渡し,34.785159,137.7100922
232,売地,浜松市中央区三方原町１８０８－１の一部（D号地）,760.0,760.0,バス停/バス停,所有権,60,-,10.2,200,250.17,75,2024/6/22,2024/9/17,-,-,現況渡し,34.785159,137.7100922
230,売地,浜松市中央区三方原町１８２１番１４,700.0,700.0,バス停,所有権,60,-,7.2,200,324.23,97,2024/11/5,2024/11/8,-,-,現況渡し,34.7847029,137.7042308
229,売地,浜松市中央区三方原町１８２１番８,650.0,650.0,バス停,所有権,60,-,10.5,200,207.54,62,2024/9/17,2024/11/5,-,-,現況渡し,34.7847029,137.7042308
241,売地,浜松市中央区三方原町1843-1,1920.0,1840.0,東海道本線/バス停,所有権,60,-,24.4,200,264.47,79,2023/6/18,2023/7/24,-,-,現況渡し,34.7833117,137.7025887
243,売地,浜松市中央区三方原町2056番地4,2150.0,1800.0,-,所有権,60,無指定,26.8,200,269.76,80,2024/8/21,2024/10/12,-,-,更地渡し,34.7920369,137.7122157
245,売地,浜松市中央区三方原町2229-1,3500.0,3500.0,東海道本線/バス停,所有権,60,-,16.2,200,723.99,216,2023/4/6,2023/6/23,-,-,更地渡し,34.7862856,137.7005912
235,売地,浜松市中央区三方原町348-1他,780.0,780.0,ＪＲ東海道新幹線/バス停,所有権,60,無指定,10.9,200,239.35,71,2024/3/20,2024/4/6,-,-,現況渡し,34.7763468,137.7148223
238,売地,浜松市中央区三方原町427-1,1350.0,1350.0,バス停,所有権,60,無指定,9.6,200,472.0,141,2024/7/17,2024/7/22,-,-,現況渡し,34.7775489,137.7236809
240,売地,浜松市中央区三方原町551-1外1筆の一部,1790.0,38.0,バス停/バス停,所有権,60,無指定,22.7,200,264.47,79,2024/10/7,2024/10/8,-,-,現況渡し,34.77684989999999,137.7107132
242,売地,浜松市中央区三方原町551-1外2筆の一部,1990.0,98.0,バス停,所有権,60,無指定,22.3,200,299.4,89,2024/7/19,2024/7/30,-,-,現況渡し,34.77684989999999,137.7107132
139,売地,浜松市中央区三和町,1310.0,1250.0,バス停,所有権,60,１種住居,26.2,200,167.61,50,2024/12/13,2025/2/11,-,-,相談,34.7065131,137.7674557
140,売地,浜松市中央区三和町,1490.0,3.0,バス停/バス停,所有権,60,１種住居,22.4,200,223.67,67,2025/3/4,2025/4/14,-,-,更地渡し,34.7065131,137.7674557
142,売地,浜松市中央区三和町南,1890.0,1800.0,バス停,所有権,60,１種住居,28.4,200,223.67,67,2024/2/27,2024/3/19,-,-,更地渡し,34.7065131,137.7674557
141,売地,浜松市中央区三和町北,1490.0,1490.0,バス停,所有権,60,１種住居,22.4,200,223.67,67,2025/2/28,2025/4/6,-,-,更地渡し,34.7065131,137.7674557
137,売地,浜松市中央区参野町,730.0,580.0,バス停,所有権,60,１種住居,22.3,200,109.99,33,2024/1/30,2024/2/22,-,-,相談,34.6923863,137.7569752
138,売地,浜松市中央区参野町,880.0,780.0,バス停,所有権,60,１種住居,21.1,200,139.85,42,2024/12/6,2025/2/2,-,-,現況渡し,34.6923863,137.7569752
265,売地,浜松市中央区山手町,3900.0,3900.0,バス停,所有権,60,-,66.0,200,198.34,59,2025/3/7,2025/3/28,-,-,現況渡し,34.7079112,137.7052194
166,売地,浜松市中央区四本松町,1800.0,1750.0,バス停,所有権,60,無指定,17.1,200,354.0,105,2024/2/18,2024/4/6,-,-,現況渡し,34.6837506,137.7674557
164,売地,浜松市中央区四本松町,850.0,720.0,バス停/バス停,所有権,60,無指定,15.3,200,187.0,56,2024/8/9,2024/9/13,-,-,更地渡し,34.6837506,137.7674557
163,売地,浜松市中央区四本松町,760.0,600.0,バス停,所有権,60,無指定,9.1,200,281.0,84,2024/11/18,2025/1/27,-,-,更地渡し,34.6837506,137.7674557
165,売地,浜松市中央区四本松町242-1②,1380.0,1380.0,バス停,所有権,60,無指定,17.2,200,270.0,80,2024/7/8,2024/7/23,-,-,更地渡し,34.6835689,137.7678236
309,売地,浜松市中央区市野町1599,1590.0,5000.0,遠州鉄道,所有権,60,１種住居,33.4,200,159.68,48,2024/6/21,2024/7/31,-,-,建築条件付,34.7437176,137.7733392
307,売地,浜松市中央区市野町21番1,18.0,18.0,遠州鉄道/バス停,所有権,60,無指定,0.1,200,419.0,125,2025/1/14,2025/3/31,-,-,現況渡し,34.708386,137.729413
308,売地,浜松市中央区市野町406-1他,1340.0,1340.0,ＪＲ東海道新幹線/バス停,所有権,60,１種住居,27.4,200,164.01,49,2024/10/7,2024/11/13,-,-,建築条件付,34.751884,137.7677028
306,売地,浜松市中央区市野町85番地の一部,550.0,550.0,バス停,所有権,60,無指定,6.9,200,268.59,80,2023/4/23,2023/7/16,-,-,更地渡し,34.7456318,137.7711552
147,売地,浜松市中央区志都呂１丁目1031-3,2500.0,2500.0,東海道本線/バス停,所有権,60,１種住居,28.5,200,294.14,88,2023/7/8,2023/7/11,-,-,更地渡し,34.6978142,137.661513
152,売地,浜松市中央区志都呂町1143②,1620.0,1620.0,バス停,所有権,60,-,34.5,200,157.61,47,2024/1/20,2024/3/10,-,-,現況渡し,34.7037596,137.6541296
148,売地,浜松市中央区志都呂町1525-7A号地,1280.0,1280.0,バス停/バス停,所有権,60,-,31.5,200,136.24,41,2024/8/1,2024/9/20,-,-,現況渡し,34.7037596,137.6541296
153,売地,浜松市中央区志都呂町300-303,2670.0,2670.0,ＪＲ東海道新幹線/バス停,所有権,60,-,30.5,200,294.25,88,2025/1/17,2025/2/23,-,-,更地渡し,34.7027567,137.6596087
149,売地,浜松市中央区志都呂町字西脇1528-3Ｂ区画,7.0,7.0,バス停,所有権,60,-,0.2,200,132.03,39,2023/2/16,2023/4/27,-,-,現況渡し,34.7037596,137.6541296
150,売地,浜松市中央区志都呂町字西脇1528-3Ｄ区画/41.21坪,1339.0,1339.0,バス停,所有権,60,-,33.0,200,136.24,41,2023/2/14,2023/4/14,-,-,建築条件付,34.7037596,137.6541296
151,売地,浜松市中央区志都呂町字西脇1528-3Ｅ区画/45.96坪,8.0,8.0,バス停,所有権,60,-,0.2,200,151.96,45,2023/2/14,2023/4/14,-,-,現況渡し,34.7037596,137.6541296
123,売地,浜松市中央区篠ケ瀬町138-9,1640.0,1640.0,東海道本線/バス停,所有権,60,１種住居,30.2,200,182.22,54,2024/6/9,2024/6/12,-,-,更地渡し,34.73303569999999,137.7733098
125,売地,浜松市中央区篠ケ瀬町A,2180.0,2170.0,バス停,所有権,60,１種住居,33.8,200,216.41,64,2024/12/10,2025/1/19,-,-,更地渡し,34.7278635,137.774855
124,売地,浜松市中央区篠ケ瀬町Ｂ,1770.0,1750.0,バス停/バス停,所有権,60,１種住居,30.7,200,193.63,58,2025/2/15,2025/4/20,-,-,現況渡し,34.7278635,137.774855
154,売地,浜松市中央区篠原町,84.0,84.0,バス停,所有権,60,１種住居,2.7,200,105.78,32,2023/10/21,2023/10/29,-,-,更地渡し,34.6858129,137.6708537
160,売地,浜松市中央区篠原町21383-1,1075.0,1075.0,東海道本線,所有権,60,工業地域,14.5,200,249.0,74,2024/10/8,2024/11/13,-,-,更地渡し,34.6830655,137.6694583
162,売地,浜松市中央区篠原町22557,1350.0,1350.0,バス停,所有権,60,工業地域,17.8,200,254.0,76,2023/3/11,2023/5/27,-,-,更地渡し,34.6832031,137.6741183
158,売地,浜松市中央区篠原町3898-1(A区画),980.0,980.0,東海道本線/バス停,所有権,60,１種住居,17.3,200,189.9,57,2024/1/6,2024/2/25,-,-,現況渡し,34.6872055,137.6665059
157,売地,浜松市中央区篠原町3898-3(B区画),980.0,980.0,東海道本線/バス停,所有権,60,１種住居,18.9,200,173.86,52,2024/4/3,2024/6/16,-,-,現況渡し,34.6872055,137.6665059
159,売地,浜松市中央区篠原町3898-3(B区画),980.0,980.0,東海道本線/バス停,所有権,60,１種住居,18.9,200,173.86,52,2024/1/6,2024/2/25,-,-,現況渡し,34.6872055,137.6665059
161,売地,浜松市中央区篠原町9308番3,2.0,2.0,東海道本線/バス停,所有権,70,１種住居,0.0,200,208.64,62,2023/2/24,2023/4/29,-,-,相談,34.68858549999999,137.6568886
155,売地,浜松市中央区篠原町Ａ区画,48.0,48.0,バス停,所有権,60,１種住居,0.9,200,172.0,51,2024/7/8,2024/7/27,-,-,現況渡し,34.6858129,137.6708537
156,売地,浜松市中央区篠原町Ｂ区画,48.0,48.0,バス停/バス停,所有権,60,１種住居,0.9,200,172.0,51,2024/7/8,2024/7/27,-,-,現況渡し,34.6858129,137.6708537
300,売地,浜松市中央区若林町,1520.0,1520.0,バス停,所有権,60,１種住居,30.9,200,165.29,49,2023/7/8,2023/8/7,-,-,更地渡し,34.6906329,137.703372
299,売地,浜松市中央区若林町B区画,1420.0,1420.0,バス停,所有権,60,工業地域,30.9,200,154.07,46,2025/3/20,2025/4/21,-,-,現況渡し,34.6906329,137.703372
188,売地,浜松市中央区住吉１丁目35-6,4.0,330.0,バス停/バス停,所有権,60,２種中高,0.2,200,54.81,16,2025/2/14,2025/4/4,-,-,現況渡し,34.7286243,137.7220408
189,売地,浜松市中央区住吉４丁目16-19,2000.0,2000.0,遠州鉄道,所有権,60,２種住居,37.9,200,176.99,53,2023/8/17,2023/8/22,-,-,更地渡し,34.7324719,137.7271969
146,売地,浜松市中央区十軒町613-8,2476.0,2350.0,遠州鉄道,所有権,60,１種住居,33.5,200,248.0,74,2025/4/7,2025/4/15,-,-,現況渡し,34.7321743,137.7454364
359,売地,浜松市中央区春日町１－１,1200.0,1053.0,バス停,所有権,60,１種住居,26.6,200,151.21,45,2023/12/7,2024/1/21,-,-,相談,34.6902945,137.7255525
358,売地,浜松市中央区春日町1-1,5.0,1053.0,ＪＲ東海道新幹線,所有権,60,１種住居,0.1,200,151.21,45,2023/11/21,2024/1/21,-,-,更地渡し,34.6902945,137.7255525
79,売地,浜松市中央区初生町－,9.0,0.0,バス停,所有権,60,無指定,0.2,200,168.7,50,2024/12/4,2024/12/23,-,-,更地渡し,34.7676897,137.7267782
78,売地,浜松市中央区初生町1038-4,1385.0,1385.0,ＪＲ東海道新幹線,所有権,60,無指定,22.3,200,209.0,62,2024/8/19,2024/10/11,-,-,建築条件付,34.7690679,137.729536
80,売地,浜松市中央区初生町１７１ー３３(Ｈ号地),1980.0,1980.0,バス停/バス停,所有権,60,-,23.2,200,286.54,85,2023/12/26,2024/2/17,-,-,更地渡し,34.7640234,137.7342295
81,売地,浜松市中央区初生町959-8,2050.0,2000.0,バス停,所有権,70,無指定,32.5,200,211.68,63,2025/2/3,2025/3/17,-,-,更地渡し,34.7687359,137.7233381
173,売地,浜松市中央区将監町27-1外2筆,2299.0,28.0,バス停,所有権,60,２種住居,39.9,200,193.53,58,2024/8/19,2024/9/5,-,-,現況渡し,34.714881,137.7578455
107,売地,浜松市中央区小沢渡町,1300.0,1300.0,東海道本線/バス停,所有権,60,無指定,21.2,200,206.18,61,2024/4/9,2024/4/23,-,-,更地渡し,34.6789181,137.6812072
103,売地,浜松市中央区小沢渡町,1180.0,1180.0,東海道本線/バス停,所有権,60,無指定,18.3,200,216.11,64,2023/4/11,2023/4/25,-,-,現況渡し,34.6789181,137.6812072
104,売地,浜松市中央区小沢渡町,1180.0,1180.0,東海道本線/バス停,所有権,60,無指定,18.3,200,216.11,64,2023/4/11,2023/4/25,-,-,現況渡し,34.6789181,137.6812072
105,売地,浜松市中央区小沢渡町,1200.0,1200.0,東海道本線/バス停,所有権,60,無指定,17.0,200,236.91,71,2024/4/9,2024/4/23,-,-,更地渡し,34.6789181,137.6812072
108,売地,浜松市中央区小沢渡町1120,48.0,48.0,東海道本線/バス停/バス停,所有権,60,無指定,0.2,200,687.0,205,2024/6/22,2024/7/1,-,-,現況渡し,34.6789181,137.6812072
106,売地,浜松市中央区小沢渡町1240-11,1200.0,1200.0,東海道本線,所有権,60,-,11.1,200,362.0,108,2024/1/11,2024/3/29,-,-,更地渡し,34.6853729,137.6795506
102,売地,浜松市中央区小沢渡町1760の一部,65.0,65.0,東海道本線,所有権,60,-,0.5,200,413.0,123,2024/2/26,2024/3/14,-,-,現況渡し,34.6789181,137.6812072
395,売地,浜松市中央区小池町2408,750.0,750.0,遠州鉄道,所有権,60,-,9.5,200,265.75,79,2024/7/8,2024/7/29,-,-,相談,34.7484403,137.7563588
397,売地,浜松市中央区小池町574①,1850.0,1850.0,遠州鉄道,所有権,60,無指定,29.7,200,209.0,62,2024/7/15,2024/8/30,-,-,相談,34.7484403,137.7563588
396,売地,浜松市中央区小池町574②,1780.0,1780.0,遠州鉄道/バス停,所有権,60,無指定,28.6,200,209.0,62,2024/5/11,2024/6/3,-,-,相談,34.7484403,137.7563588
398,売地,浜松市中央区小池町574③,1890.0,1890.0,遠州鉄道,所有権,60,無指定,27.1,200,234.0,70,2024/3/29,2024/4/21,-,-,相談,34.7484403,137.7563588
400,売地,浜松市中央区小池町574④,2050.0,2050.0,遠州鉄道,所有権,60,無指定,20.9,200,330.0,98,2024/4/22,2024/6/9,-,-,相談,34.7484403,137.7563588
399,売地,浜松市中央区小池町975番5,2020.0,2020.0,遠州鉄道,所有権,70,無指定,32.5,200,208.76,62,2024/7/20,2024/8/19,-,-,現況渡し,34.745898,137.7625396
384,売地,浜松市中央区上西町,2880.0,2880.0,バス停,所有権,60,１種住居,30.8,200,314.04,94,2023/12/8,2023/12/10,-,-,更地渡し,34.7238499,137.7600575
383,売地,浜松市中央区上西町894-1,800.0,800.0,遠州鉄道/バス停,所有権,60,工業地域,24.0,200,111.83,33,2023/6/9,2023/6/19,-,-,現況渡し,34.7257382,137.7603043
382,売地,浜松市中央区上西町字西表１０８４－８,530.0,430.0,バス停,所有権,60,工業地域,25.4,200,70.16,21,2025/1/29,2025/4/7,-,-,更地渡し,34.7238499,137.7600575
369,売地,浜松市中央区上石田町2206-10、116,4.0,4.0,東海道本線,所有権,60,無指定,0.1,200,246.0,73,2024/11/15,2024/12/24,-,-,現況渡し,34.7519217,137.7859558
370,売地,浜松市中央区上石田町262-1,68.0,68.0,東海道本線/バス停/バス停,所有権,60,-,1.3,200,182.11,54,2024/5/14,2024/7/22,-,-,現況渡し,34.7519217,137.7859558
368,売地,浜松市中央区上石田町字河原２１７－１,28.0,0.0,バス停,所有権,60,無指定,0.4,200,209.75,62,2024/2/26,2024/3/14,-,-,現況渡し,34.7519217,137.7859558
364,売地,浜松市中央区上浅田１丁目506、502-2,2700.0,2700.0,東海道本線/バス停/バス停,所有権,60,１種住居,27.2,200,333.2,99,2024/2/4,2024/4/15,-,-,現況渡し,34.695738,137.7273943
367,売地,浜松市中央区上浅田２丁目,1790.0,1580.0,バス停,所有権,60,１種住居,32.1,200,187.47,56,2024/10/30,2024/12/20,-,-,現況渡し,34.6945111,137.7298587
366,売地,浜松市中央区上浅田２丁目,1580.0,1580.0,バス停,所有権,60,１種住居,28.3,200,187.47,56,2024/12/13,2024/12/14,-,-,現況渡し,34.6945111,137.7298587
365,売地,浜松市中央区上浅田２丁目490-1他,1419.0,1419.0,ＪＲ東海道新幹線,所有権,60,１種住居,33.5,200,142.15,42,2024/1/11,2024/3/9,-,-,建築条件付,34.6945111,137.7298587
372,売地,浜松市中央区上島１丁目,1680.0,1680.0,遠州鉄道/バス停/バス停,所有権,60,１種住居,38.8,200,145.53,43,2023/10/10,2023/12/15,-,-,現況渡し,34.7382114,137.7403339
373,売地,浜松市中央区上島１丁目8-21,2575.0,2575.0,バス停,所有権,60,１種住居,38.6,200,224.06,67,2023/5/29,2023/7/11,-,-,相談,34.73815580000001,137.7394576
375,売地,浜松市中央区上島３丁目15-15,3100.0,2800.0,遠州鉄道,所有権,60,１種住居,32.8,200,317.0,94,2024/5/13,2024/7/30,-,-,更地渡し,34.7385137,137.7482245
374,売地,浜松市中央区上島３丁目153-1,1680.0,1680.0,遠州鉄道,所有権,60,１種住居,20.6,200,273.43,81,2024/9/2,2024/10/15,-,-,建築条件付,34.739083,137.7477294
376,売地,浜松市中央区上島７丁目18-5,1980.0,1980.0,バス停,所有権,60,１種住居,33.5,160,198.69,59,2023/5/22,2023/7/23,-,-,現況渡し,34.7485714,137.7405381
175,売地,浜松市中央区城北１丁目17番9,950.0,800.0,遠州鉄道,所有権,60,２種住居,8.8,200,363.57,108,2024/1/19,2024/2/19,-,-,現況渡し,34.7194419,137.7226197
176,売地,浜松市中央区城北２丁目,910.0,720.0,バス停,所有権,60,２種中高,15.9,200,191.73,57,2023/9/3,2023/10/12,-,-,更地渡し,34.7238276,137.7212337
178,売地,浜松市中央区城北２丁目27番9号,970.0,73.0,遠州鉄道,所有権,60,２種中高,17.0,200,191.73,57,2023/9/14,2023/11/9,-,-,相談,34.72500610000001,137.7232808
177,売地,浜松市中央区城北２丁目35,950.0,950.0,遠州鉄道,所有権,60,２種中高,8.1,200,396.0,118,2024/7/22,2024/7/29,-,-,現況渡し,34.7257457,137.7242369
174,売地,浜松市中央区常光町652番,28.0,28.0,バス停,所有権,-,-,0.5,-,186.0,55,2024/2/16,2024/3/14,-,-,現況渡し,34.7500708,137.798231
316,売地,浜松市中央区植松町１４７２－９他,3487.0,3487.0,東海道本線/バス停/バス停,所有権,60,２種住居,41.6,200,281.2,84,2024/8/27,2024/10/9,-,-,現況渡し,34.7150899,137.7599419
315,売地,浜松市中央区植松町254-5,1980.0,1950.0,ＪＲ東海道新幹線/バス停,所有権,60,１種住居,31.4,200,211.68,63,2023/9/1,2023/9/18,-,-,現況渡し,34.70624919999999,137.7554805
69,売地,浜松市中央区新橋町,1100.0,1100.0,東海道本線/バス停,所有権,60,無指定,15.9,200,232.0,69,2024/6/5,2024/6/13,-,-,現況渡し,34.681355,137.7082987
73,売地,浜松市中央区新橋町,1320.0,1320.0,バス停,所有権,60,無指定,15.4,200,288.0,86,2024/4/12,2024/6/22,-,-,相談,34.681355,137.7082987
74,売地,浜松市中央区新橋町,1320.0,1320.0,バス停,所有権,60,無指定,15.1,200,294.0,88,2023/10/24,2023/11/24,-,-,相談,34.681355,137.7082987
71,売地,浜松市中央区新橋町1,1300.0,1300.0,東海道本線/バス停,所有権,60,無指定,20.8,200,209.72,62,2024/10/7,2024/10/15,-,-,更地渡し,34.6830982,137.7168187
72,売地,浜松市中央区新橋町1,1300.0,1300.0,東海道本線/バス停/バス停,所有権,60,無指定,20.8,200,209.72,62,2024/2/29,2024/3/12,-,-,更地渡し,34.6830982,137.7168187
68,売地,浜松市中央区新橋町1033外,1090.0,1090.0,ＪＲ東海道新幹線,所有権,60,無指定,18.2,200,201.13,60,2023/2/14,2023/4/2,-,-,建築条件付,34.681355,137.7082987
70,売地,浜松市中央区新橋町2,1300.0,1300.0,東海道本線/バス停,所有権,60,無指定,20.8,200,210.07,63,2025/1/26,2025/2/3,-,-,更地渡し,34.6826492,137.7162887
184,売地,浜松市中央区新津町659-1,1280.0,1280.0,遠州鉄道,所有権,60,１種住居,40.5,200,106.0,32,2023/6/15,2023/7/6,-,-,建築条件付,34.7219813,137.7409501
94,売地,浜松市中央区深萩町304-174,990.0,990.0,バス停,所有権,60,無指定,19.2,200,173.0,52,2023/10/12,2023/11/12,-,-,相談,34.7773485,137.660445
371,売地,浜松市中央区神ケ谷町,900.0,870.0,東海道本線/バス停,所有権,60,無指定,7.3,200,413.0,123,2023/7/13,2023/9/16,-,-,現況渡し,34.7195665,137.6723068
379,売地,浜松市中央区神田町1221-1B号地,1450.0,1400.0,遠州鉄道,所有権,60,-,14.0,200,347.84,104,2024/8/9,2024/9/3,-,-,現況渡し,34.68710069999999,137.7173315
381,売地,浜松市中央区神田町１２７３,2260.0,2200.0,遠州鉄道,所有権,60,無指定,21.1,200,359.0,107,2023/5/9,2023/9/3,-,-,現況渡し,34.6865976,137.7206176
377,売地,浜松市中央区神田町1501-1,620.0,620.0,バス停/バス停,所有権,60,無指定,10.5,200,198.75,59,2024/12/19,2025/1/16,-,-,更地渡し,34.6805579,137.7236574
378,売地,浜松市中央区神田町1501-1,620.0,530.0,バス停/バス停,所有権,60,無指定,10.5,200,198.75,59,2024/9/17,2024/10/17,-,-,更地渡し,34.6805579,137.7236574
380,売地,浜松市中央区神田町89-7,1630.0,1630.0,バス停/バス停,所有権,60,１種住居,26.7,160,205.2,61,2023/10/31,2023/12/12,-,-,更地渡し,34.6877206,137.7276446
50,売地,浜松市中央区西ケ崎町,1590.0,1590.0,バス停,所有権,60,無指定,14.9,200,359.0,107,2023/10/14,2023/10/23,-,-,現況渡し,34.7747678,137.7674557
49,売地,浜松市中央区西ケ崎町1275,77.0,50.0,遠州鉄道,所有権,60,無指定,0.7,200,369.0,110,2023/12/22,2024/2/9,-,-,現況渡し,34.7747678,137.7674557
62,売地,浜松市中央区西山町,1480.0,1450.0,バス停,所有権,60,無指定,21.4,200,232.54,69,2024/11/25,2025/2/2,-,-,現況渡し,34.7411542,137.6884973
63,売地,浜松市中央区西山町,1580.0,1150.0,バス停,所有権,60,無指定,19.4,200,272.86,81,2024/7/29,2024/9/15,-,-,相談,34.7411542,137.6884973
65,売地,浜松市中央区西山町1055-45,1650.0,1650.0,バス停,所有権,60,無指定,26.4,200,210.19,63,2024/7/8,2024/8/10,-,-,現況渡し,34.7361247,137.6854614
66,売地,浜松市中央区西山町1531-38,1690.0,29.0,バス停,所有権,60,無指定,31.8,200,178.58,53,2023/8/21,2023/10/2,-,-,更地渡し,34.7326664,137.6844385
60,売地,浜松市中央区西山町２０１５－２３（E号地）,780.0,780.0,バス停,所有権,60,-,6.8,200,383.71,114,2024/2/10,2024/3/6,-,-,現況渡し,34.7417167,137.6841337
61,売地,浜松市中央区西山町２０１５－２４(F号地),800.0,800.0,バス停,所有権,60,-,11.6,200,231.92,69,2023/5/12,2023/6/30,-,-,現況渡し,34.7417167,137.6841337
67,売地,浜松市中央区西山町227-2,1880.0,1880.0,バス停,所有権,60,無指定,27.8,200,227.28,68,2024/12/12,2025/1/30,-,-,更地渡し,34.7350826,137.6899879
64,売地,浜松市中央区西山町字当り1055番562,1635.0,1635.0,バス停/バス停,所有権,60,無指定,26.6,200,206.15,61,2023/6/30,2023/8/6,-,-,現況渡し,34.7411542,137.6884973
59,売地,浜松市中央区西町,1160.0,98.0,バス停,所有権,60,無指定,16.2,200,240.0,71,2024/5/17,2024/5/29,-,-,相談,34.6844349,137.7797884
58,売地,浜松市中央区西町,980.0,980.0,バス停,所有権,60,無指定,10.9,200,300.55,90,2024/3/29,2024/6/8,-,-,更地渡し,34.6844349,137.7797884
56,売地,浜松市中央区西町,620.0,13.0,バス停/バス停,所有権,60,無指定,7.2,200,287.61,86,2025/3/14,2025/3/22,-,-,現況渡し,34.6844349,137.7797884
55,売地,浜松市中央区西町505-1,518.0,99.0,バス停,所有権,60,無指定,7.1,200,245.0,73,2023/7/9,2023/7/15,-,-,現況渡し,34.6840708,137.7820998
57,売地,浜松市中央区西町642,860.0,770.0,東海道本線,所有権,60,-,5.9,200,492.0,147,2025/1/6,2025/2/3,-,-,現況渡し,34.6844349,137.7797884
54,売地,浜松市中央区西島町,1000.0,950.0,バス停,所有権,60,無指定,12.9,200,260.62,78,2024/11/12,2024/12/17,-,-,現況渡し,34.6609828,137.7674557
51,売地,浜松市中央区西島町,600.0,280.0,バス停,所有権,60,無指定,10.2,200,198.37,59,2024/8/30,2024/10/5,-,-,更地渡し,34.6609828,137.7674557
52,売地,浜松市中央区西島町A,650.0,620.0,バス停,所有権,60,無指定,8.9,200,246.4,73,2025/1/20,2025/3/2,-,-,現況渡し,34.6609828,137.7674557
53,売地,浜松市中央区西島町B,880.0,850.0,バス停,所有権,60,無指定,10.0,200,295.52,88,2024/1/20,2024/2/25,-,-,現況渡し,34.6609828,137.7674557
191,売地,浜松市中央区積志町766番外1筆の一部,93.0,0.0,遠州鉄道,所有権,60,無指定,0.7,200,449.0,134,2023/8/7,2023/8/23,-,-,現況渡し,34.7679446,137.7674557
192,売地,浜松市中央区積志町845番,3.0,1.0,遠州鉄道,所有権,60,無指定,0.0,200,452.0,135,2025/1/9,2025/2/6,-,-,現況渡し,34.6716255,137.7979704
190,売地,浜松市中央区積志町845番の一部,605.0,1.0,遠州鉄道,所有権,60,無指定,10.2,200,200.0,60,2025/1/10,2025/2/6,-,-,現況渡し,34.6716255,137.7979704
301,売地,浜松市中央区泉２丁目12-13,998.0,998.0,東海道本線/バス停,所有権,60,-,30.4,200,110.17,33,2024/12/9,2025/1/22,-,-,更地渡し,34.7435182,137.7223695
302,売地,浜松市中央区泉２丁目837-758,1050.0,1050.0,遠州鉄道,所有権,60,-,25.4,200,138.89,41,2024/8/9,2024/9/13,-,-,更地渡し,34.7431589,137.7212337
303,売地,浜松市中央区泉３丁目13-25,850.0,850.0,東海道本線/バス停,所有権,60,-,18.8,200,151.64,45,2024/5/30,2024/6/4,-,-,相談,34.7472566,137.7215321
305,売地,浜松市中央区泉４丁目10-2,980.0,980.0,遠州鉄道/バス停,所有権,60,-,31.6,200,104.25,31,2024/12/26,2025/1/16,-,-,更地渡し,34.7449746,137.7185139
304,売地,浜松市中央区泉４丁目24,670.0,650.0,遠州鉄道,所有権,60,-,26.5,200,85.0,25,2023/11/28,2023/12/2,-,-,更地渡し,34.745991,137.7155357
196,売地,浜松市中央区早出町,1880.0,1800.0,バス停/バス停,所有権,60,１種住居,33.4,200,189.16,56,2023/6/12,2023/7/30,-,-,更地渡し,34.7333071,137.7501948
193,売地,浜松市中央区早出町,1350.0,1350.0,遠州鉄道/バス停,所有権,60,１種住居,29.2,200,155.0,46,2023/4/4,2023/6/12,-,-,現況渡し,34.7333071,137.7501948
195,売地,浜松市中央区早出町1363-13,1700.0,1700.0,遠州鉄道,所有権,60,１種住居,32.6,200,174.92,52,2023/5/9,2023/6/2,-,-,建築条件付,34.7268534,137.7482119
194,売地,浜松市中央区早出町756-5,1680.0,1680.0,バス停,所有権,60,１種住居,18.3,160,309.05,92,2024/6/3,2024/7/18,-,-,現況渡し,34.73283869999999,137.7493268
255,売地,浜松市中央区村櫛町3697-2,486.0,480.0,バス停/バス停,所有権,60,１種住居,5.1,200,321.0,96,2023/2/8,2023/4/11,-,-,現況渡し,34.7214349,137.5958903
324,売地,浜松市中央区大蒲町B区画,1850.0,1850.0,東海道本線/バス停/バス停,所有権,60,工業地域,32.1,200,193.23,58,2024/10/9,2024/11/25,-,-,現況渡し,34.7141717,137.7680723
334,売地,浜松市中央区大人見町12-176①,1190.0,1190.0,バス停,所有権,60,無指定,18.6,200,215.0,64,2024/7/15,2024/7/29,-,-,相談,34.7332701,137.6468761
336,売地,浜松市中央区大人見町12-176②,1290.0,1290.0,バス停,所有権,60,無指定,20.1,200,215.0,64,2023/11/6,2023/11/15,-,-,相談,34.7332701,137.6468761
337,売地,浜松市中央区大人見町12-176②,1290.0,1290.0,バス停,所有権,60,無指定,20.1,200,215.0,64,2023/8/31,2023/9/25,-,-,相談,34.7332701,137.6468761
335,売地,浜松市中央区大人見町12-176③,1290.0,1290.0,バス停,所有権,60,無指定,20.1,200,215.0,64,2024/6/25,2024/7/15,-,-,相談,34.7332701,137.6468761
338,売地,浜松市中央区大人見町12-176④,1390.0,1390.0,バス停,所有権,60,無指定,21.7,200,215.0,64,2024/3/29,2024/6/15,-,-,相談,34.7332701,137.6468761
339,売地,浜松市中央区大人見町12-383,1400.0,1400.0,バス停,所有権,60,無指定,20.3,200,231.94,69,2025/1/5,2025/1/18,-,-,相談,34.7317723,137.6478822
332,売地,浜松市中央区大瀬町350-126、350-127,1680.0,1600.0,遠州鉄道/バス停,所有権,60,-,25.3,200,222.64,66,2024/7/2,2024/9/5,-,-,更地渡し,34.7550228,137.7667814
333,売地,浜松市中央区大塚町８４０・８４１,2480.0,2000.0,東海道本線/バス停,所有権,60,無指定,22.9,200,364.0,108,2023/6/1,2023/7/5,-,-,現況渡し,34.6977315,137.7896566
328,売地,浜松市中央区大島町1473外一部,980.0,84.0,バス停,所有権,60,無指定,6.9,200,473.99,141,2023/12/22,2024/2/9,-,-,現況渡し,34.7653152,137.7773217
327,売地,浜松市中央区大島町182,863.0,863.0,遠州鉄道/バス停/バス停,所有権,60,無指定,10.2,200,285.0,85,2024/8/2,2024/9/14,-,-,更地渡し,34.7653152,137.7773217
325,売地,浜松市中央区大島町680-2,380.0,380.0,遠州鉄道,所有権,60,-,5.9,200,214.91,64,2024/4/5,2024/4/29,-,-,現況渡し,34.7614273,137.7794223
326,売地,浜松市中央区大島町680-2,380.0,380.0,遠州鉄道,所有権,60,-,5.9,200,214.91,64,2024/4/5,2024/4/29,-,-,現況渡し,34.7614273,137.7794223
330,売地,浜松市中央区大島町981-1,1650.0,1650.0,遠州鉄道,所有権,60,-,15.7,200,352.63,105,2025/3/17,2025/4/18,-,-,更地渡し,34.7675205,137.7819662
329,売地,浜松市中央区大島町字上大瀬南801番,980.0,980.0,遠州鉄道,所有権,60,-,12.2,200,270.0,80,2023/7/24,2023/11/2,-,-,更地渡し,34.7598001,137.7634554
331,売地,浜松市中央区大島町字上大瀬南806番1外,2040.0,2040.0,遠州鉄道,所有権,60,-,20.3,200,337.06,100,2023/7/24,2023/11/2,-,-,更地渡し,34.760469,137.7635942
340,売地,浜松市中央区大平台１丁目108-5,4200.0,4200.0,バス停/バス停,所有権,40,１種低層,27.4,60,515.58,154,2024/12/4,2024/12/18,-,-,現況渡し,34.7188239,137.685725
33,売地,浜松市中央区中郡町1396-1の一部,980.0,61.0,遠州鉄道,所有権,60,無指定,9.8,200,337.33,100,2024/4/15,2024/5/17,-,-,現況渡し,34.772575,137.7810219
32,売地,浜松市中央区中郡町1459-2,890.0,20.0,遠州鉄道/バス停,所有権,60,無指定,9.3,200,320.0,95,2024/9/13,2024/9/20,-,-,現況渡し,34.772575,137.7810219
31,売地,浜松市中央区中郡町1459-3,890.0,20.0,遠州鉄道,所有権,60,無指定,9.3,200,320.0,95,2024/9/20,2024/11/5,-,-,現況渡し,34.772575,137.7810219
34,売地,浜松市中央区中郡町37番地の2,1250.0,1250.0,遠州鉄道,所有権,60,-,21.2,200,198.0,59,2025/1/6,2025/1/7,-,-,更地渡し,34.7774252,137.7848492
30,売地,浜松市中央区中郡町713,703.0,0.0,遠州鉄道,所有権,60,無指定,7.1,200,332.0,99,2024/12/23,2025/2/6,-,-,現況渡し,34.772575,137.7810219
35,売地,浜松市中央区中郡町957番1、2,1480.0,1350.0,遠州鉄道,所有権,60,-,15.0,200,331.0,99,2025/1/10,2025/3/16,-,-,相談,34.7723233,137.7738957
38,売地,浜松市中央区中沢町2-18,2.0,2.0,遠州鉄道/バス停,所有権,60,２種中高,0.0,200,161.15,48,2025/4/14,2025/4/26,-,-,更地渡し,34.7208924,137.7241695
37,売地,浜松市中央区中沢町41-11,200.0,85.0,ＪＲ東海道新幹線/バス停,所有権,60,２種中高,17.1,200,39.26,12,2023/3/28,2023/7/19,-,-,現況渡し,34.7222968,137.7261332
43,売地,浜松市中央区中田町103,2.0,2.0,遠州鉄道,所有権,60,１種住居,0.1,200,100.0,30,2023/12/1,-,-,-,現況渡し,34.7364528,137.7575916
42,売地,浜松市中央区中田島町1607-3,499.0,350.0,東海道本線/バス停,所有権,60,２種中高,7.2,200,232.01,69,2025/3/24,2025/4/26,-,-,更地渡し,34.6650843,137.7412101
39,売地,浜松市中央区中島１丁目,2480.0,2480.0,バス停,所有権,80,近隣商業,37.1,200,224.44,67,2023/5/19,2023/6/22,-,-,更地渡し,34.7047384,137.7458804
40,売地,浜松市中央区中島４丁目16-1,1420.0,1250.0,ＪＲ東海道新幹線/バス停,所有権,60,１種住居,36.1,200,132.0,39,2023/6/1,2023/6/29,-,-,更地渡し,34.6957111,137.7487253
41,売地,浜松市中央区中島４丁目205-1,2200.0,1380.0,ＪＲ東海道新幹線/バス停/バス停,所有権,60,１種住居,26.6,200,277.68,83,2023/8/31,2023/11/13,-,-,更地渡し,34.6965755,137.7474212
45,売地,浜松市中央区中野町3231外,645.0,645.0,バス停,所有権,70,無指定,7.1,200,305.0,91,2023/4/23,2023/6/12,-,-,相談,34.7375483,137.8056964
36,売地,浜松市中央区中里町895,1060.0,900.0,バス停,所有権,60,無指定,18.4,200,193.61,58,2023/10/24,2023/11/21,-,-,相談,34.7340952,137.7988345
44,売地,浜松市中央区長田町93,448.0,42.0,バス停,所有権,60,無指定,8.5,200,176.0,52,2024/8/6,2024/10/4,-,-,更地渡し,34.6709982,137.7762328
19,売地,浜松市中央区坪井町,890.0,790.0,バス停,所有権,60,１種住居,18.1,200,165.03,49,2024/2/21,2024/4/19,-,-,更地渡し,34.6840832,137.6479775
18,売地,浜松市中央区坪井町,790.0,790.0,バス停,所有権,60,１種住居,16.1,200,165.03,49,2024/2/16,2024/3/28,-,-,現況渡し,34.6840832,137.6479775
16,売地,浜松市中央区堤町,800.0,800.0,東海道本線/バス停/バス停,所有権,60,無指定,8.0,200,334.0,99,2025/4/17,2025/4/30,-,-,現況渡し,34.671512,137.7052194
22,売地,浜松市中央区天王町124-1,1770.0,1770.0,バス停,所有権,60,無指定,28.9,200,205.54,61,2023/10/28,2023/12/12,-,-,現況渡し,34.740153,137.7783816
20,売地,浜松市中央区天王町1852-2,450.0,450.0,遠州鉄道/バス停,所有権,60,無指定,3.6,200,418.0,124,2023/12/25,2024/3/5,-,-,現況渡し,34.7406827,137.7680467
21,売地,浜松市中央区天王町210-2,1400.0,1350.0,遠州鉄道,所有権,60,無指定,22.7,200,207.16,62,2023/11/9,2023/12/3,-,-,現況渡し,34.7418316,137.7762897
186,売地,浜松市中央区頭陀寺町312-6,6310.0,6310.0,ＪＲ東海道新幹線,所有権,60,１種住居,28.4,200,745.0,222,2024/9/24,2024/11/13,-,-,現況渡し,34.6978293,137.7563265
185,売地,浜松市中央区頭陀寺町342－27,800.0,800.0,ＪＲ東海道新幹線,所有権,60,１種住居,25.9,200,103.64,31,2024/1/5,2024/2/17,-,-,建築条件付,34.7006171,137.7578537
313,売地,浜松市中央区入野町16443-16A,2180.0,2180.0,東海道本線/バス停,所有権,60,-,40.2,200,181.87,54,2023/10/31,2023/12/27,-,-,更地渡し,34.7038199,137.6777538
310,売地,浜松市中央区入野町16447-3,1580.0,1540.0,東海道本線,所有権,60,-,27.1,200,196.11,58,2025/1/6,2025/4/5,-,-,更地渡し,34.7043809,137.6770265
314,売地,浜松市中央区入野町6371-3,3180.0,75.0,バス停,所有権,60,２種住居,36.3,200,294.07,88,2023/11/22,2024/1/30,-,-,更地渡し,34.7004105,137.6877437
311,売地,浜松市中央区入野町6371-3の一部,1950.0,1.0,バス停,所有権,60,２種住居,37.6,200,174.22,52,2023/11/22,2024/1/30,-,-,更地渡し,34.7004105,137.6877437
312,売地,浜松市中央区入野町9081-1,2098.0,2098.0,東海道本線,所有権,60,工業地域,33.3,200,211.6,63,2023/7/11,2023/10/1,-,-,更地渡し,34.700597,137.6784706
227,売地,浜松市中央区馬郡町1394-10、1394-8,1.0,1.0,東海道本線,所有権,60,１種住居,0.0,200,905.82,270,2024/3/31,2024/4/8,-,-,更地渡し,34.6845078,137.6335902
226,売地,浜松市中央区馬郡町1394-23,9.0,9.0,東海道本線,所有権,60,１種住居,0.1,200,393.71,117,2025/4/10,2025/4/11,-,-,現況渡し,34.6845877,137.6334653
222,売地,浜松市中央区馬郡町2232番,380.0,360.0,東海道本線,所有権,80,近隣商業,9.3,300,136.81,41,2024/5/27,2024/8/8,-,-,相談,34.6848257,137.6274866
224,売地,浜松市中央区馬郡町3049-1，3049-2,550.0,550.0,東海道本線/バス停/バス停,所有権,60,１種住居,7.2,200,256.42,76,2023/4/28,2023/4/28,-,-,更地渡し,34.6828535,137.6352862
225,売地,浜松市中央区馬郡町3503-1他(A区画),825.0,825.0,東海道本線/バス停/バス停,所有権,60,１種住居,15.2,200,182.04,54,2024/4/21,2024/6/16,-,-,現況渡し,34.682718,137.6401376
223,売地,浜松市中央区馬郡町4629,2.0,2.0,バス停,所有権,60,１種住居,0.0,200,299.0,89,2023/5/19,2023/5/30,-,-,現況渡し,34.6821609,137.6397646
76,売地,浜松市中央区萩丘５丁目15番8号,2280.0,2200.0,遠州鉄道,所有権,60,１種住居,33.0,200,231.71,69,2025/1/7,2025/1/10,-,-,更地渡し,34.7530193,137.7333149
180,売地,浜松市中央区白羽町,57.0,57.0,バス停/バス停,所有権,-,無指定,1.0,-,200.05,60,2024/9/3,2024/9/8,-,-,現況渡し,34.6808954,137.7366365
181,売地,浜松市中央区白羽町,16.0,16.0,バス停,所有権,60,無指定,0.2,200,261.3,78,2024/8/25,2024/11/9,-,-,相談,34.6808954,137.7366365
182,売地,浜松市中央区白羽町144-1,1380.0,1380.0,バス停,所有権,60,-,22.7,200,204.15,61,2023/12/26,2024/2/24,-,-,現況渡し,34.6808954,137.7366365
183,売地,浜松市中央区白羽町214の一部①区画,1400.0,1400.0,バス停/バス停,所有権,60,無指定,22.1,200,213.0,63,2024/8/16,2024/9/21,-,-,相談,34.6808954,137.7366365
179,売地,浜松市中央区白羽町２６７７,310.0,1.0,バス停,所有権,60,２種中高,7.1,200,146.36,44,2024/4/1,2024/5/7,-,-,相談,34.6808954,137.7366365
77,売地,浜松市中央区八幡町159,1999.0,83.0,遠州鉄道,所有権,80,商業地域,50.6,400,132.62,39,2024/1/25,2024/3/7,-,-,現況渡し,34.7162814,137.7350842
84,売地,浜松市中央区半田山１丁目9-5①,1500.0,1500.0,遠州鉄道/バス停,所有権,70,-,36.5,200,137.85,41,2023/7/21,2023/7/31,-,-,相談,34.765322,137.7424138
85,売地,浜松市中央区半田山２丁目１１－１,1900.0,53.0,遠州鉄道,所有権,70,-,23.9,200,267.0,80,2023/4/14,2023/4/27,-,-,更地渡し,34.7677918,137.7376226
29,売地,浜松市中央区富屋町230他,720.0,720.0,ＪＲ東海道新幹線,所有権,60,無指定,11.9,200,203.47,61,2023/4/30,2023/6/14,-,-,建築条件付,34.6764071,137.7751778
26,売地,浜松市中央区富塚町,2219.0,1990.0,バス停,所有権,50,１種低層,33.5,80,222.41,66,2024/1/11,2024/3/19,-,-,更地渡し,34.7232056,137.6988992
25,売地,浜松市中央区富塚町,1920.0,1900.0,バス停,所有権,50,１種低層,29.5,80,218.55,65,2024/7/27,2024/9/8,-,-,更地渡し,34.7232056,137.6988992
28,売地,浜松市中央区富塚町1618-95,3280.0,3200.0,ＪＲ東海道新幹線,所有権,50,１種低層,23.4,80,471.43,140,2023/10/9,2023/10/24,-,-,相談,34.7291919,137.7049303
23,売地,浜松市中央区富塚町1772,770.0,770.0,東海道本線/バス停,所有権,60,１種低層,10.2,200,254.0,76,2024/9/18,2024/10/18,-,-,現況渡し,34.7232056,137.6988992
27,売地,浜松市中央区富塚町３６３８－４３,2850.0,2850.0,東海道本線/バス停,所有権,30,１種低層,22.2,60,431.04,128,2025/1/10,2025/3/28,-,-,更地渡し,34.7297389,137.6980532
24,売地,浜松市中央区富塚町814-6,1880.0,1880.0,バス停,所有権,50,１種低層,24.1,80,261.7,78,2025/1/4,2025/1/21,-,-,現況渡し,34.72834450000001,137.7098737
202,売地,浜松市中央区舞阪町浜田,42.0,42.0,東海道本線,所有権,60,１種住居,0.5,200,261.44,78,2024/9/3,2024/9/8,-,-,現況渡し,34.6824597,137.6215318
204,売地,浜松市中央区舞阪町浜田,72.0,72.0,東海道本線,所有権,60,１種住居,0.4,200,587.0,175,2025/2/1,2025/2/3,-,-,現況渡し,34.6824597,137.6215318
203,売地,浜松市中央区舞阪町浜田,7.0,7.0,東海道本線,所有権,60,１種住居,0.1,200,307.4,92,2023/6/11,2023/6/22,-,-,更地渡し,34.6824597,137.6215318
216,売地,浜松市中央区舞阪町舞阪,650.0,650.0,バス停/バス停,所有権,60,１種住居,13.9,200,157.0,47,2023/7/8,2023/7/10,-,-,更地渡し,34.6856194,137.6133215
220,売地,浜松市中央区舞阪町舞阪,880.0,400.0,東海道本線,所有権,60,２種住居,11.2,200,264.81,79,2024/6/4,2024/6/25,-,-,更地渡し,34.6856194,137.6133215
213,売地,浜松市中央区舞阪町舞阪,480.0,480.0,バス停,所有権,60,１種住居,8.9,200,182.0,54,2023/9/22,2023/10/22,-,-,現況渡し,34.6856194,137.6133215
215,売地,浜松市中央区舞阪町舞阪,580.0,530.0,東海道本線,所有権,60,工業地域,7.4,200,264.0,79,2023/9/23,2023/10/30,-,-,現況渡し,34.6856194,137.6133215
214,売地,浜松市中央区舞阪町舞阪,78.0,78.0,東海道本線,所有権,60,１種住居,1.4,200,194.0,58,2025/3/21,2025/3/31,-,-,更地渡し,34.6856194,137.6133215
217,売地,浜松市中央区舞阪町舞阪,62.0,62.0,東海道本線,所有権,60,２種住居,1.2,200,180.0,54,2024/4/28,2024/4/29,-,-,更地渡し,34.6856194,137.6133215
218,売地,浜松市中央区舞阪町舞阪,62.0,62.0,東海道本線,所有権,60,２種住居,1.2,200,180.0,54,2024/3/31,2024/4/8,-,-,更地渡し,34.6856194,137.6133215
211,売地,浜松市中央区舞阪町舞阪,46.0,46.0,東海道本線,所有権,60,１種住居,0.9,200,164.0,49,2024/6/4,2024/6/18,-,-,現況渡し,34.6856194,137.6133215
210,売地,浜松市中央区舞阪町舞阪2088-8,180.0,180.0,バス停,所有権,60,１種住居,10.2,200,59.5,18,2024/2/10,2024/4/11,-,-,現況渡し,34.6854604,137.6093211
221,売地,浜松市中央区舞阪町舞阪５１７６－１他１号地,1161.0,1161.0,東海道本線,所有権,60,-,12.5,200,311.06,93,2023/6/8,2023/9/4,-,-,更地渡し,34.6856194,137.6133215
219,売地,浜松市中央区舞阪町舞阪661,12.0,12.0,東海道本線,所有権,60,工業地域,0.2,200,182.0,54,2023/7/8,2023/7/10,-,-,更地渡し,34.6856194,137.6133215
212,売地,浜松市中央区舞阪町舞阪字浜表4563番,390.0,390.0,東海道本線,所有権,60,１種住居,9.0,200,145.0,43,2024/1/31,2024/4/11,-,-,現況渡し,34.6856194,137.6133215
208,売地,浜松市中央区舞阪町弁天島,44.0,44.0,東海道本線/バス停,所有権,60,１種住居,0.3,200,575.0,171,2024/9/29,2024/10/19,-,-,更地渡し,34.6897081,137.6035333
206,売地,浜松市中央区舞阪町弁天島2658-125,380.0,360.0,東海道本線,所有権,60,１種住居,7.2,200,178.01,53,2024/12/5,2025/1/18,-,-,現況渡し,34.6921234,137.6028838
205,売地,浜松市中央区舞阪町弁天島3329-1,240.0,240.0,東海道本線,所有権,60,１種住居,6.7,200,119.73,36,2024/10/14,2024/10/30,-,-,現況渡し,34.6976231,137.6001025
209,売地,浜松市中央区舞阪町弁天島字観月園2911番及び2911番27,2000.0,2000.0,東海道本線,所有権,70,無指定,16.8,200,399.95,119,2023/6/26,2023/8/3,-,-,現況渡し,34.6978209,137.5980603
207,売地,浜松市中央区舞阪町弁天島西区画,53.0,53.0,東海道本線,所有権,60,１種住居,1.0,200,185.91,55,2023/7/20,2023/7/30,-,-,現況渡し,34.6897081,137.6035333
95,売地,浜松市中央区福塚町,620.0,620.0,バス停,所有権,60,無指定,10.4,200,201.0,60,2023/9/11,2023/10/22,-,-,現況渡し,34.6737428,137.7532767
96,売地,浜松市中央区福塚町,620.0,620.0,バス停/バス停,所有権,60,無指定,10.4,200,201.0,60,2023/4/1,2023/5/27,-,-,現況渡し,34.6737428,137.7532767
97,売地,浜松市中央区文丘町11-3,1740.0,1740.0,東海道本線/バス停,所有権,70,-,42.8,200,136.43,41,2024/4/5,2024/5/31,-,-,更地渡し,34.7242629,137.7142846
292,売地,浜松市中央区米津町,620.0,550.0,バス停,所有権,60,無指定,10.5,200,198.35,59,2024/4/19,2024/4/29,-,-,現況渡し,34.6720751,137.7132259
98,売地,浜松市中央区芳川町,1199.0,1199.0,バス停,所有権,60,１種住居,23.3,200,173.0,52,2024/11/12,2025/1/5,-,-,相談,34.6872559,137.7649895
286,売地,浜松市中央区豊町１４７－１,800.0,800.0,バス停/バス停,所有権,60,無指定,5.4,200,499.0,149,2023/5/16,2023/7/21,-,-,現況渡し,34.7827571,137.8037013
289,売地,浜松市中央区豊町148,880.0,880.0,バス停/バス停,所有権,60,無指定,8.1,200,365.0,109,2023/11/13,2023/12/18,-,-,現況渡し,34.7725864,137.8036703
288,売地,浜松市中央区豊町149,875.0,875.0,バス停/バス停/バス停,所有権,60,無指定,8.6,200,340.0,101,2025/1/16,2025/2/8,-,-,現況渡し,34.7725864,137.8036703
287,売地,浜松市中央区豊町2834,846.0,846.0,バス停,所有権,60,無指定,10.1,200,279.94,83,2025/2/4,2025/4/7,-,-,現況渡し,34.7725864,137.8036703
290,売地,浜松市中央区豊町3103A,1490.0,1490.0,遠州鉄道/バス停/バス停,所有権,60,無指定,16.0,200,312.68,93,2024/11/26,2024/12/22,-,-,更地渡し,34.7725864,137.8036703
394,売地,浜松市中央区北寺島町201-3,1800.0,1800.0,東海道本線/バス停,所有権,90,商業地域,33.3,500,181.58,54,2023/9/22,2023/9/24,-,-,建築条件付,34.7057521,137.7425579
393,売地,浜松市中央区北寺島町７１８他,850.0,79.0,バス停,所有権,60,２種住居,35.3,200,80.77,24,2024/10/23,2024/12/26,-,-,現況渡し,34.7028592,137.7427989
392,売地,浜松市中央区北島町926-1,830.0,830.0,東海道本線/バス停,所有権,60,１種住居,24.4,200,114.24,34,2024/8/24,2024/9/15,-,-,現況渡し,34.731069,137.784597
99,売地,浜松市中央区本郷町,1360.0,1360.0,バス停,所有権,60,２種中高,28.9,200,157.95,47,2023/3/11,2023/4/29,-,-,現況渡し,34.6975892,137.7625235
201,売地,浜松市中央区本郷町1324-4,2205.0,2205.0,東海道本線/バス停,所有権,60,２種中高,28.4,200,260.38,78,2024/1/28,2024/2/29,-,-,更地渡し,34.6987373,137.7620033
100,売地,浜松市中央区本郷町1344-1,1580.0,1500.0,東海道本線,所有権,60,２種中高,33.8,200,157.0,47,2025/1/31,2025/3/9,-,-,現況渡し,34.6978149,137.7637649
48,売地,浜松市中央区名塚町,1690.0,1650.0,バス停/バス停,所有権,60,１種住居,28.4,200,200.0,60,2023/5/16,2023/6/29,-,-,現況渡し,34.703766,137.7569752
47,売地,浜松市中央区名塚町56,1660.0,1660.0,ＪＲ東海道新幹線,所有権,60,１種住居,33.4,160,167.0,50,2023/5/1,2023/5/26,-,-,相談,34.7047629,137.7563299
46,売地,浜松市中央区名塚町56,1590.0,1590.0,ＪＲ東海道新幹線,所有権,60,１種住居,32.0,160,167.0,50,2023/11/6,2023/11/19,-,-,相談,34.7047629,137.7563299
75,売地,浜松市中央区野口町269,720.0,720.0,遠州鉄道,所有権,80,近隣商業,27.1,200,89.25,27,2023/12/23,2023/12/26,-,-,現況渡し,34.7155081,137.7380455
266,売地,浜松市中央区雄踏２丁目,18.0,18.0,東海道本線,所有権,50,-,0.3,150,212.7,63,2024/2/11,2024/2/16,-,-,現況渡し,34.6937444,137.6399809
274,売地,浜松市中央区雄踏町宇布見,1250.0,1250.0,東海道本線/バス停,所有権,60,２種中高,18.4,200,227.97,68,2024/1/21,2024/2/1,-,-,更地渡し,34.7000235,137.6289066
282,売地,浜松市中央区雄踏町宇布見,1699.0,83.0,東海道本線,所有権,60,２種中高,14.0,200,406.24,121,2024/10/1,2024/12/6,-,-,相談,34.7000235,137.6289066
270,売地,浜松市中央区雄踏町宇布見,34.0,34.0,バス停,所有権,60,無指定,0.5,200,215.31,64,2023/11/15,2024/2/5,-,-,更地渡し,34.7000235,137.6289066
280,売地,浜松市中央区雄踏町宇布見,5.0,5.0,東海道本線/バス停,所有権,60,２種中高,0.0,200,454.41,135,2024/9/3,2024/9/8,-,-,現況渡し,34.7000235,137.6289066
271,売地,浜松市中央区雄踏町宇布見4148番、4149番より分筆部分,77.0,77.0,バス停,所有権,60,-,0.9,200,298.5,89,2024/2/5,2024/3/14,-,-,現況渡し,34.7000235,137.6289066
279,売地,浜松市中央区雄踏町宇布見5309-5,75.0,75.0,東海道本線,所有権,60,２種中高,0.8,200,298.35,89,2023/3/19,2023/4/3,-,-,更地渡し,34.6999005,137.6367963
283,売地,浜松市中央区雄踏町宇布見604-2,1800.0,1800.0,東海道本線/バス停,所有権,60,-,18.3,200,330.57,98,2023/11/4,2023/11/5,-,-,更地渡し,34.7057394,137.6433111
276,売地,浜松市中央区雄踏町宇布見8217-1他,1325.0,1325.0,バス停,所有権,60,２種中高,21.8,200,203.74,61,2023/8/11,2023/9/4,-,-,更地渡し,34.7012584,137.626538
268,売地,浜松市中央区雄踏町宇布見９４８７外７,1020.0,3.0,東海道本線,所有権,60,２種中高,22.4,200,153.11,46,2024/7/19,2024/8/19,-,-,現況渡し,34.7000235,137.6289066
269,売地,浜松市中央区雄踏町宇布見9552-21雄踏宇布見,1150.0,1150.0,東海道本線,所有権,60,-,18.6,200,207.93,62,2024/12/7,2025/1/9,-,-,現況渡し,34.6950184,137.6314186
278,売地,浜松市中央区雄踏町宇布見９９８０－２Ａ区画,1340.0,78.0,東海道本線,所有権,60,無指定,18.1,200,249.22,74,2023/5/24,2023/7/5,-,-,現況渡し,34.7021649,137.6183367
272,売地,浜松市中央区雄踏町宇布見A区画,1180.0,1180.0,バス停/バス停,所有権,60,２種中高,28.0,200,141.53,42,2023/12/27,2024/3/25,-,-,現況渡し,34.7000235,137.6289066
281,売地,浜松市中央区雄踏町宇布見B区画,1380.0,1380.0,バス停,所有権,60,２種中高,31.0,200,149.34,44,2024/7/29,2024/10/7,-,-,現況渡し,34.7000235,137.6289066
267,売地,浜松市中央区雄踏町宇布見Ｂ区画,8.0,8.0,東海道本線/バス停,所有権,60,無指定,0.1,200,267.0,80,2024/9/29,2024/10/19,-,-,現況渡し,34.7000235,137.6289066
277,売地,浜松市中央区雄踏町宇布見C区画,1330.0,1330.0,バス停,所有権,60,２種中高,29.9,200,149.31,44,2024/2/12,2024/3/11,-,-,現況渡し,34.7000235,137.6289066
275,売地,浜松市中央区雄踏町宇布見D区画,1270.0,1270.0,バス停,所有権,60,２種中高,28.6,200,149.17,44,2025/1/28,2025/2/24,-,-,現況渡し,34.7000235,137.6289066
273,売地,浜松市中央区雄踏町宇布見E区画,1240.0,1240.0,バス停,所有権,60,２種中高,27.9,200,149.19,44,2024/9/20,2024/11/30,-,-,現況渡し,34.7000235,137.6289066
285,売地,浜松市中央区雄踏町山崎4574-3,1320.0,1300.0,バス停,所有権,60,無指定,14.3,200,309.01,92,2023/8/24,2023/9/15,-,-,現況渡し,34.7081532,137.6263943
284,売地,浜松市中央区雄踏町山崎Ａ区画,19.0,19.0,東海道本線/バス停,所有権,60,無指定,0.2,200,270.0,80,2025/4/10,2025/4/11,-,-,現況渡し,34.7187008,137.6332155
291,売地,浜松市中央区楊子町,860.0,810.0,バス停,所有権,60,１種住居,17.2,200,167.98,50,2023/10/27,2023/11/4,-,-,相談,34.6925292,137.7452641
15,売地,浜松市中央区立野町,1180.0,1180.0,バス停,所有権,60,無指定,15.0,200,264.61,79,2024/12/17,2025/2/8,-,-,更地渡し,34.6868933,137.774855
14,売地,浜松市中央区立野町219-1(東側）、219－２（北側）,600.0,600.0,バス停,所有権,60,-,6.1,200,330.58,98,2024/2/13,2024/3/14,-,-,現況渡し,34.6851624,137.7737592
293,売地,浜松市中央区龍禅寺町543-1他,1260.0,1260.0,ＪＲ東海道新幹線,所有権,60,２種住居,30.5,200,138.85,41,2025/1/4,2025/1/23,-,-,建築条件付,34.6939809,137.7406709
294,売地,浜松市中央区龍禅寺町754,3977.0,3977.0,東海道本線/バス停,所有権,80,近隣商業,36.1,300,370.24,110,2023/12/18,2024/2/7,-,-,更地渡し,34.6949843,137.7403339
296,売地,浜松市中央区領家２丁目,1280.0,1180.0,バス停/バス停,所有権,60,１種住居,25.3,200,170.15,51,2025/3/4,2025/4/7,-,-,現況渡し,34.6971182,137.7520439
297,売地,浜松市中央区領家２丁目,1280.0,1180.0,バス停,所有権,60,１種住居,25.3,200,170.15,51,2025/1/18,2025/3/23,-,-,現況渡し,34.6971182,137.7520439
295,売地,浜松市中央区領家２丁目25-22,966.0,966.0,ＪＲ東海道新幹線/バス停,所有権,60,１種住居,29.5,200,110.12,33,2024/2/9,2024/3/16,-,-,現況渡し,34.6952939,137.753922
298,売地,浜松市中央区領家３丁目9番7号,1790.0,1790.0,ＪＲ東海道新幹線/バス停,所有権,60,１種住居,30.3,200,198.34,59,2024/6/7,2024/7/6,-,-,更地渡し,34.6940543,137.7516787
403,売地,浜松市中央区和合町９３６－１５１他３－２,1887.0,1887.0,バス停,所有権,30,１種低層,25.3,60,250.82,75,2023/6/8,2023/9/4,-,-,更地渡し,34.7392317,137.7073254
402,売地,浜松市中央区和合町字権現谷211番1821期,1880.0,1840.0,バス停,所有権,40,１種低層,27.6,60,229.04,68,2023/7/12,2023/9/9,-,-,現況渡し,34.7322239,137.7128057
401,売地,浜松市中央区和合北２丁目,2120.0,2090.0,バス停,所有権,60,-,15.3,200,464.5,138,2024/9/15,2024/10/13,-,-,更地渡し,34.7404481,137.7175376
406,売地,浜松市中央区和地山２丁目16-9,63.0,63.0,東海道本線/バス停,所有権,60,-,1.9,200,110.04,33,2023/3/29,2023/4/21,-,-,相談,34.7285354,137.7197706
407,売地,浜松市中央区和地山３丁目7-11,2200.0,2200.0,遠州鉄道,所有権,60,-,47.1,200,156.98,47,2024/3/26,2024/4/2,-,-,更地渡し,34.7287428,137.7155648
405,売地,浜松市中央区和田町,11480.0,10660.0,東海道本線,所有権,60,工業地域,71.1,200,542.14,161,2025/1/31,2025/2/6,-,-,建築条件付,34.7189403,137.769922
404,売地,浜松市中央区和田町376-2,8159.0,7900.0,東海道本線,所有権,70,工業地域,37.6,200,729.0,217,2023/8/22,2023/10/27,-,-,更地渡し,34.7160306,137.7713383
143,売地,浜松市中央区蜆塚２丁目１８－１２,1800.0,1800.0,遠州鉄道/バス停,所有権,60,-,38.1,200,158.67,47,2025/1/30,2025/4/11,-,-,現況渡し,34.7151794,137.7098694
145,売地,浜松市中央区蜆塚２丁目26-5,4420.0,4420.0,東海道本線/バス停,所有権,60,１種住居,61.0,200,243.29,72,2023/4/19,2023/4/21,-,-,更地渡し,34.7177952,137.7096166
144,売地,浜松市中央区蜆塚２丁目二丁目1番7号,3950.0,3800.0,東海道本線/バス停,所有権,60,-,44.8,200,295.8,88,2023/10/6,2023/10/19,-,-,現況渡し,34.7140337,137.7089146
419,売地,浜松市天竜区山東２３５５外,750.0,750.0,天竜浜名湖鉄道,所有権,60,-,6.5,150,385.0,115,2024/10/18,2024/10/25,-,-,現況渡し,34.8853852,137.8377905
418,売地,浜松市天竜区山東4298番9,115.0,110.0,天竜浜名湖鉄道,所有権,60,１種住居,1.5,200,263.39,78,2023/8/23,2023/10/12,-,-,現況渡し,34.8720235,137.8195327
417,売地,浜松市天竜区船明１０２３－１他,1000.0,55.0,バス停,所有権,60,-,5.6,150,596.0,177,2024/10/30,2024/11/20,-,-,現況渡し,34.8894051,137.8205067
411,売地,浜松市天竜区船明3059-3他,55.0,55.0,バス停,所有権,50,１種低層,0.5,100,346.84,103,2025/1/16,2025/1/27,-,-,現況渡し,34.8894051,137.8205067
415,売地,浜松市天竜区船明３０８４－１１,664.0,62.0,バス停/バス停,所有権,50,１種低層,6.7,100,332.0,99,2025/2/28,2025/4/28,-,-,現況渡し,34.8894051,137.8205067
413,売地,浜松市天竜区船明A・B,580.0,580.0,バス停,所有権,50,１種低層,9.1,100,215.0,64,2023/9/11,2023/10/20,-,-,現況渡し,34.8894051,137.8205067
416,売地,浜松市天竜区船明区画整理地内66街区符号10,88.0,88.0,バス停,所有権,50,１種低層,0.8,100,381.0,113,2024/4/21,-,-,-,現況渡し,34.8894051,137.8205067
412,売地,浜松市天竜区船明区画整理地内67街区符号1,79.0,79.0,バス停,所有権,50,１種低層,0.9,100,311.0,93,2023/5/7,2023/6/12,-,-,現況渡し,34.8894051,137.8205067
414,売地,浜松市天竜区船明土地区画整理事業,625.0,625.0,天竜浜名湖鉄道/バス停,所有権,50,１種低層,5.1,100,415.0,124,2024/4/4,2024/4/22,-,-,現況渡し,34.8894051,137.8205067
408,売地,浜松市天竜区大谷５８－１,330.0,330.0,天竜浜名湖鉄道,所有権,60,２種住居,6.6,200,168.38,50,2024/7/25,2024/10/4,-,-,現況渡し,34.87289440000001,137.8184545
409,売地,浜松市天竜区二俣町鹿島字東河原340番29・340番30,920.0,920.0,遠州鉄道,所有権,60,２種住居,17.3,200,179.02,53,2023/7/21,2023/11/2,-,-,現況渡し,34.8529469,137.8069304
410,売地,浜松市天竜区二俣町二俣,1300.0,1250.0,天竜浜名湖鉄道/バス停,所有権,80,近隣商業,13.2,200,330.58,98,2023/10/21,2023/11/28,-,-,現況渡し,34.8645759,137.8155695
483,売地,浜松市浜名区引佐町井伊谷1617番11,750.0,700.0,天竜浜名湖鉄道/バス停,所有権,60,-,13.7,200,183.95,55,2023/10/10,2023/12/4,-,-,現況渡し,34.8221189,137.6653013
481,売地,浜松市浜名区引佐町井伊谷295,500.0,500.0,天竜浜名湖鉄道,所有権,60,１種低層,7.0,100,241.0,72,2024/6/10,2024/7/30,-,-,更地渡し,34.8330454,137.6745874
482,売地,浜松市浜名区引佐町井伊谷739-9,650.0,500.0,バス停,所有権,80,近隣商業,12.0,200,182.45,54,2024/7/22,2024/9/30,-,-,現況渡し,34.8329216,137.6702732
484,売地,浜松市浜名区引佐町井伊谷797-2内一部、外3筆,930.0,900.0,天竜浜名湖鉄道/バス停,所有権,60,１種住居,7.1,200,439.51,131,2025/1/29,2025/2/2,-,-,現況渡し,34.8337432,137.6688147
513,売地,浜松市浜名区永島755外,950.0,950.0,遠州鉄道,所有権,60,無指定,15.4,200,206.71,62,2023/6/19,2023/7/16,-,-,建築条件付,34.80736530000001,137.8083986
512,売地,浜松市浜名区永島757他,470.0,470.0,遠州鉄道/バス停,所有権,60,無指定,6.1,200,259.33,77,2023/7/13,2023/8/2,-,-,現況渡し,34.8073716,137.807678
491,売地,浜松市浜名区於呂1460-1,750.0,750.0,遠州鉄道,所有権,60,無指定,7.7,200,326.0,97,2024/6/5,2024/7/15,-,-,更地渡し,34.8307264,137.7982131
494,売地,浜松市浜名区於呂2686-1,4.0,4.0,天竜浜名湖鉄道,所有権,60,無指定,0.1,200,253.13,75,2023/6/12,2023/8/27,-,-,現況渡し,34.8368687,137.7967303
492,売地,浜松市浜名区於呂3030番48B区画,961.0,961.0,遠州鉄道,所有権,60,-,13.2,200,244.61,73,2024/2/16,2024/4/11,-,-,更地渡し,34.8248861,137.7996914
495,売地,浜松市浜名区於呂４０５５－３（A号地）,1670.0,1670.0,バス停,所有権,60,-,18.7,200,300.29,89,2024/11/5,2024/11/15,-,-,更地渡し,34.84850400000001,137.8038635
493,売地,浜松市浜名区於呂４０５５－３（B号地）,1460.0,1460.0,バス停,所有権,60,-,10.8,200,454.11,135,2024/8/21,2024/10/18,-,-,更地渡し,34.84850400000001,137.8038635
540,売地,浜松市浜名区横須賀1399番1,985.0,1000.0,遠州鉄道,所有権,70,１種住居,25.5,200,129.66,39,2023/7/20,2023/7/29,-,-,建築条件付,34.7892294,137.7861354
541,売地,浜松市浜名区横須賀560-2外1筆,48.0,1.0,遠州鉄道,所有権,40,１種低層,0.3,60,602.82,180,2024/3/29,2024/4/2,-,-,現況渡し,34.7895915,137.7896808
501,売地,浜松市浜名区貴布祢1517-1,3863.0,3863.0,遠州鉄道,所有権,60,２種中高,27.9,150,465.13,139,2023/7/17,2023/7/24,-,-,更地渡し,34.7979828,137.781812
500,売地,浜松市浜名区貴布祢1529-5,6.0,6.0,遠州鉄道,所有権,60,１種住居,0.1,200,325.36,97,2024/9/3,2024/11/22,-,-,相談,34.7989711,137.7833635
498,売地,浜松市浜名区貴布祢198-1,1336.0,1336.0,遠州鉄道,所有権,80,商業地域,30.1,400,149.16,44,2023/10/6,2023/10/19,-,-,建築条件付,34.7928994,137.7836653
499,売地,浜松市浜名区貴布祢2420-1,1844.0,1844.0,遠州鉄道,所有権,50,１種低層,20.3,100,305.48,91,2024/9/19,2024/9/30,-,-,更地渡し,34.7997112,137.7848011
529,売地,浜松市浜名区細江町気賀,1182.0,1100.0,天竜浜名湖鉄道,所有権,60,２種中高,10.2,150,390.77,116,2025/1/31,2025/2/20,-,-,更地渡し,34.8086566,137.6552513
527,売地,浜松市浜名区細江町気賀１３９８－３,545.0,545.0,天竜浜名湖鉄道/バス停,所有権,60,１種住居,8.1,200,225.44,67,2024/2/22,2024/3/14,-,-,更地渡し,34.8033981,137.6545018
528,売地,浜松市浜名区細江町気賀271-4,1000.0,1300.0,天竜浜名湖鉄道/バス停,所有権,60,２種住居,12.7,200,263.43,78,2024/5/24,2024/6/15,-,-,現況渡し,34.8069229,137.6543096
526,売地,浜松市浜名区細江町気賀451-3,460.0,430.0,バス停,所有権,60,２種住居,15.0,160,103.27,31,2023/8/22,2023/10/7,-,-,更地渡し,34.8074825,137.6540156
530,売地,浜松市浜名区細江町気賀732-2,1500.0,1100.0,天竜浜名湖鉄道,所有権,80,近隣商業,13.5,300,373.67,111,2023/11/26,2024/1/22,-,-,更地渡し,34.8086566,137.6552513
524,売地,浜松市浜名区細江町小野423-1５号地,780.0,780.0,天竜浜名湖鉄道,所有権,60,２種中高,13.3,150,196.74,59,2023/6/19,2023/6/30,-,-,現況渡し,34.8204127,137.6479775
525,売地,浜松市浜名区細江町小野451-5４号地,980.0,980.0,天竜浜名湖鉄道,所有権,60,２種中高,19.2,150,171.41,51,2024/3/25,2024/3/25,-,-,現況渡し,34.8204127,137.6479775
531,売地,浜松市浜名区細江町中川,340.0,200.0,バス停,所有権,60,無指定,5.7,200,200.33,60,2023/7/21,2023/9/17,-,-,更地渡し,34.8070673,137.691109
538,売地,浜松市浜名区三ヶ日町三ヶ日字川崎,498.0,498.0,天竜浜名湖鉄道,所有権,60,１種住居,3.4,200,496.0,148,2023/9/14,2023/11/30,-,-,現況渡し,34.8072193,137.5508703
535,売地,浜松市浜名区三ヶ日町大崎1884,1550.0,1550.0,天竜浜名湖鉄道,所有権,60,-,5.4,200,967.25,288,2023/3/7,2023/5/30,-,-,現況渡し,34.7694417,137.5492722
536,売地,浜松市浜名区三ヶ日町都筑2530-43号地,97.0,97.0,天竜浜名湖鉄道/バス停,所有権,60,-,1.5,150,222.05,66,2024/6/14,2024/6/28,-,-,相談,34.7919941,137.5828758
537,売地,浜松市浜名区三ヶ日町日比沢193-13,880.0,880.0,天竜浜名湖鉄道,所有権,60,-,6.6,200,449.8,134,2025/4/21,2025/4/28,-,-,現況渡し,34.8044055,137.5332014
511,売地,浜松市浜名区寺島,84.0,84.0,バス停,所有権,60,無指定,1.0,200,293.37,87,2024/7/17,2024/8/5,-,-,相談,34.7788661,137.7958252
502,売地,浜松市浜名区小松2217,238.0,238.0,遠州鉄道,所有権,60,無指定,5.1,200,158.0,47,2024/12/2,2024/12/23,-,-,現況渡し,34.7865753,137.7711552
503,売地,浜松市浜名区小松2582-2,1450.0,1450.0,遠州鉄道,所有権,60,無指定,17.3,200,281.0,84,2024/2/19,2024/3/24,-,-,現況渡し,34.7885744,137.7698418
504,売地,浜松市浜名区小松2982-1,1500.0,74.0,遠州鉄道/バス停,所有権,60,無指定,24.1,200,208.88,62,2025/2/1,2025/3/1,-,-,現況渡し,34.7848435,137.7666801
505,売地,浜松市浜名区小松2982番の東側一部,1500.0,1450.0,遠州鉄道,所有権,60,無指定,24.2,200,208.0,62,2024/3/24,2024/5/25,-,-,更地渡し,34.7848435,137.7666801
506,売地,浜松市浜名区小松4310-1外No.1,1694.0,1694.0,遠州鉄道,所有権,60,２種中高,33.2,150,171.2,51,2024/11/11,2024/11/30,-,-,建築条件付,34.7863617,137.7766299
497,売地,浜松市浜名区上善地793-1,1380.0,48.0,バス停,所有権,60,無指定,23.8,200,194.34,58,2025/3/6,2025/3/17,-,-,更地渡し,34.7954899,137.8116547
496,売地,浜松市浜名区上島743-1、743-2,800.0,700.0,遠州鉄道/バス停,所有権,60,無指定,6.8,200,397.8,118,2025/2/3,2025/3/24,-,-,更地渡し,34.8504908,137.8153861
507,売地,浜松市浜名区新原4038-2,1323.0,1323.0,天竜浜名湖鉄道,所有権,60,無指定,8.1,200,548.43,163,2023/8/18,2023/8/28,-,-,現況渡し,34.8139684,137.7742673
508,売地,浜松市浜名区新都田２丁目122-9,2650.0,2650.0,東海道本線/バス停,所有権,60,-,24.9,200,357.0,106,2023/9/28,2023/10/3,-,-,現況渡し,34.8159087,137.7372527
520,売地,浜松市浜名区西美薗２１８８－２外,127.6,0.0,遠州鉄道/バス停,所有権,40,１種低層,10.8,60,39.49,12,2024/5/28,2024/7/1,-,-,更地渡し,34.8057663,137.8018494
510,売地,浜松市浜名区染地台１丁目,2100.0,2100.0,バス停,所有権,50,１種低層,25.7,100,274.55,82,2023/5/26,2023/6/27,-,-,現況渡し,34.7857914,137.7452641
509,売地,浜松市浜名区染地台１丁目3-5,1750.0,1750.0,バス停/バス停,所有権,50,１種低層,30.6,100,192.03,57,2024/3/30,2024/4/11,-,-,現況渡し,34.7798048,137.7488906
517,売地,浜松市浜名区中瀬２６５７－３６４号地,68.0,5.0,遠州鉄道,所有権,60,-,1.1,200,201.26,60,2024/10/30,2024/12/17,-,-,更地渡し,34.8388236,137.8092136
514,売地,浜松市浜名区中瀬2680-13,8.0,800.0,天竜浜名湖鉄道,所有権,60,無指定,0.1,200,275.0,82,2024/5/31,2024/6/27,-,-,相談,34.8394717,137.8095229
519,売地,浜松市浜名区中瀬5176-3,2620.0,2620.0,遠州鉄道,所有権,-,-,13.2,-,666.27,198,2024/6/21,2024/7/5,-,-,更地渡し,34.824258,137.817981
518,売地,浜松市浜名区中瀬5196-４,1490.0,1490.0,遠州鉄道,所有権,60,無指定,16.2,200,308.0,92,2025/1/16,2025/4/1,-,-,更地渡し,34.8235155,137.8196423
516,売地,浜松市浜名区中瀬５３５８－５４号地,71.0,81.0,遠州鉄道,所有権,60,-,1.1,200,224.04,67,2024/2/26,2024/3/21,-,-,相談,34.8259868,137.8182711
515,売地,浜松市浜名区中瀬7185-14,1198.0,1080.0,遠州鉄道,所有権,60,１種住居,23.8,200,168.69,50,2023/5/9,2023/7/10,-,-,更地渡し,34.8441677,137.8120113
539,売地,浜松市浜名区都田町字前原7967番1,685.0,685.0,バス停,所有権,60,無指定,3.0,200,755.0,225,2025/2/15,2025/3/18,-,-,現況渡し,34.8115164,137.7314432
485,売地,浜松市浜名区内野台１丁目19番7,900.0,900.0,遠州鉄道,所有権,50,１種低層,21.4,80,141.05,42,2024/12/28,2025/3/2,-,-,更地渡し,34.781953,137.7509937
486,売地,浜松市浜名区内野台１丁目20-21,1550.0,1500.0,バス停,所有権,50,１種低層,20.7,80,251.0,75,2023/9/9,2023/10/10,-,-,相談,34.7818081,137.7506068
487,売地,浜松市浜名区内野台３丁目７－１,1400.0,1400.0,バス停,所有権,50,１種低層,25.9,80,181.4,54,2024/7/9,2024/7/11,-,-,更地渡し,34.7901535,137.750228
488,売地,浜松市浜名区内野台３丁目9-1,1590.0,1590.0,バス停/バス停,所有権,50,１種低層,28.4,80,188.0,56,2023/11/12,2023/11/26,-,-,相談,34.7898522,137.7499636
490,売地,浜松市浜名区内野台４丁目37-12,1980.0,1980.0,バス停,所有権,50,１種低層,26.2,100,253.75,76,2024/10/9,2024/11/30,-,-,現況渡し,34.7925678,137.7526506
489,売地,浜松市浜名区内野台４丁目５６９－３２他,1680.0,1680.0,バス停,所有権,50,１種低層,25.2,80,224.2,67,2023/6/8,2023/6/18,-,-,更地渡し,34.7912131,137.7526603
522,売地,浜松市浜名区平口296-3,750.0,750.0,遠州鉄道,所有権,60,無指定,8.4,200,299.87,89,2024/4/24,2024/5/19,-,-,相談,34.8043699,137.7645181
523,売地,浜松市浜名区平口463-2,800.0,800.0,遠州鉄道,所有権,60,-,6.5,200,411.0,122,2023/8/22,2023/11/6,-,-,現況渡し,34.8072258,137.7695258
521,売地,浜松市浜名区平口471-1,400.0,400.0,遠州鉄道,所有権,60,-,4.1,200,331.0,99,2024/6/6,2024/8/5,-,-,現況渡し,34.807002,137.7703269
534,売地,浜松市浜名区本沢合,700.0,700.0,遠州鉄道,所有権,60,-,11.6,200,202.0,60,2025/1/6,2025/1/31,-,-,相談,34.8111454,137.7995267
532,売地,浜松市浜名区本沢合,650.0,650.0,遠州鉄道,所有権,60,-,9.9,200,220.0,66,2023/12/2,2023/12/8,-,-,相談,34.8111454,137.7995267
533,売地,浜松市浜名区本沢合,680.0,680.0,遠州鉄道,所有権,60,-,6.7,200,342.0,102,2023/11/21,2023/12/2,-,-,相談,34.8111454,137.7995267
